Contig_1_Len1109_Cov20_E	Sr_rh_Rfil_Contig9549length1176_OG5_127828	89.8	265	27	0	22	816	126	390	3.26e-166	473
Contig_1_Len1109_Cov20_E	Am_di_Acas_Contig6292length1176_OG5_127828	80.8	265	51	0	25	819	127	391	5.77e-150	432
Contig_1_Len1109_Cov20_E	Sr_ap_cmur_CMU024750_OG5_127828	79.2	264	55	0	25	816	127	390	1.16e-149	431
Contig_1_Len1109_Cov20_E	Sr_pe_Perk_002780317Contig5978Len1197_OG5_127828	81.1	264	50	0	25	816	134	397	2.09e-149	431
Contig_1_Len1109_Cov20_E	Sr_pe_Perk_002773646Contig6065Len1185_OG5_127828	80.7	264	51	0	25	816	130	393	2.59e-149	430
Contig_1_Len1109_Cov20_E	Sr_ch_Vbra_Contig10686length1272_OG5_127828	79.9	264	53	0	25	816	159	422	3.47e-149	431
Contig_1_Len1109_Cov20_E	Sr_ap_chom_Chro.80103_OG5_127828	78.4	264	57	0	25	816	127	390	6.66e-149	429
Contig_1_Len1109_Cov20_E	Sr_ap_tgon_TGME49028210_OG5_127828	79.8	262	53	0	25	810	135	396	2.42e-148	428
Contig_1_Len1109_Cov20_E	Sr_ap_ncan_NCLIV045220_OG5_127828	79.8	262	53	0	25	810	135	396	2.42e-148	428
Contig_1_Len1109_Cov20_E	Pl_gr_ppat_estExtGenewise1.C130323_OG5_127828	80.2	262	52	0	25	810	124	385	7.95e-148	426
Contig_1_Len1109_Cov20_E	Pl_gr_ppat_estExtfgenesh1pm.C470010_OG5_127828	80.2	262	52	0	25	810	124	385	7.95e-148	426
Contig_1_Len1109_Cov20_E	Pl_gr_ppat_estExtGenewise1.C910158_OG5_127828	80.2	262	52	0	25	810	124	385	7.95e-148	426
Contig_1_Len1109_Cov20_E	Sr_di_Smic_Contig24216length1260_OG5_127828	79.5	264	54	0	25	816	148	411	6.37e-147	425
Contig_1_Len1109_Cov20_E	Pl_gr_crei_24096_OG5_127828	79.4	262	54	0	25	810	128	389	8.22e-147	424
Contig_1_Len1109_Cov20_E	Pl_gr_osat_NP001046218_OG5_127828	78.6	262	56	0	25	810	132	393	8.51e-147	424
Contig_1_Len1109_Cov20_E	Op_me_clup_ENSCAFP00000021833_OG5_127828	80.2	263	52	0	25	813	117	379	8.91e-147	423
Contig_1_Len1109_Cov20_E	Op_me_mmus_ENSMUSP00000022380_OG5_127828	80.2	263	52	0	25	813	125	387	1.17e-146	423
Contig_1_Len1109_Cov20_E	Op_me_rnor_ENSRNOP00000009649_OG5_127828	80.2	263	52	0	25	813	125	387	1.17e-146	423
Contig_1_Len1109_Cov20_E	Op_me_ptro_ENSPTRP00000010766_OG5_127828	80.2	263	52	0	25	813	125	387	1.17e-146	423
Contig_1_Len1109_Cov20_E	Op_me_mdom_ENSMODP00000018120_OG5_127828	80.2	263	52	0	25	813	125	387	1.17e-146	423
Contig_1_Len1109_Cov20_E	Op_me_oana_ENSOANP00000017154_OG5_127828	80.2	263	52	0	25	813	125	387	1.17e-146	423
Contig_1_Len1109_Cov20_E	Op_me_hsap_ENSP00000401802_OG5_127828	80.2	263	52	0	25	813	139	401	1.90e-146	423
Contig_1_Len1109_Cov20_E	Op_me_trub_ENSTRUP00000023281_OG5_127828	79.5	263	54	0	25	813	138	400	2.60e-146	423
Contig_1_Len1109_Cov20_E	Op_me_tnig_ENSTNIP00000007927_OG5_127828	79.1	263	55	0	25	813	127	389	7.21e-146	421
Contig_1_Len1109_Cov20_E	Pl_gr_rcom_30170.m014093_OG5_127828	78.2	262	57	0	25	810	131	392	9.48e-146	421
Contig_2_Len1021_Cov18_E	Sr_rh_Rfil_Contig21440length711_OG5_127216	65.6	160	55	0	1020	541	34	193	3.09e-66	211
Contig_2_Len1021_Cov18_E	Pl_rh_Gsul_005704309Contig2833Len1248_OG5_127216	58.3	144	60	0	1020	589	255	398	4.32e-48	170
Contig_2_Len1021_Cov18_E	Op_me_cbri_WBGene00034118_OG5_127216	50.3	161	80	0	1020	538	127	287	3.16e-47	165
Contig_2_Len1021_Cov18_E	Op_me_clup_ENSCAFP00000019212_OG5_127216	54.4	147	66	1	1020	580	230	375	3.70e-47	167
Contig_2_Len1021_Cov18_E	Op_me_ptro_ENSPTRP00000037227_OG5_127216	54.4	147	66	1	1020	580	230	375	3.70e-47	167
Contig_2_Len1021_Cov18_E	Op_me_ecab_XP001492207_OG5_127216	54.4	147	66	1	1020	580	230	375	3.70e-47	167
Contig_2_Len1021_Cov18_E	Op_me_mdom_ENSMODP00000011294_OG5_127216	55.8	147	64	1	1020	580	240	385	4.61e-47	167
Contig_2_Len1021_Cov18_E	Op_me_hsap_ENSP00000369134_OG5_127216	54.4	147	66	1	1020	580	268	413	8.36e-47	167
Contig_2_Len1021_Cov18_E	Op_me_mmus_ENSMUSP00000033662_OG5_127216	53.7	147	67	1	1020	580	230	375	1.02e-46	166
Contig_2_Len1021_Cov18_E	Op_me_rnor_ENSRNOP00000030279_OG5_127216	53.7	147	67	1	1020	580	230	375	1.02e-46	166
Contig_2_Len1021_Cov18_E	Op_me_rnor_ENSRNOP00000019797_OG5_127216	53.7	147	67	1	1020	580	233	378	1.09e-46	166
Contig_2_Len1021_Cov18_E	Op_me_ggal_ENSGALP00000026457_OG5_127216	54.4	147	66	1	1020	580	237	382	1.74e-46	166
Contig_2_Len1021_Cov18_E	Op_me_tnig_ENSTNIP00000007208_OG5_127216	55.0	149	67	0	1020	574	233	381	2.13e-46	165
Contig_2_Len1021_Cov18_E	Op_me_mmul_XP001113273_OG5_127216	53.7	147	67	1	1020	580	199	344	5.33e-46	163
Contig_2_Len1021_Cov18_E	Op_me_oana_ENSOANP00000006386_OG5_127216	54.4	147	66	1	1020	580	231	376	5.61e-46	164
Contig_2_Len1021_Cov18_E	Op_me_drer_ENSDARP00000024338_OG5_127216	53.0	149	70	0	1020	574	233	381	5.86e-46	164
Contig_2_Len1021_Cov18_E	Op_me_drer_ENSDARP00000012693_OG5_127216	53.7	149	69	0	1020	574	233	381	1.15e-45	163
Contig_2_Len1021_Cov18_E	Op_ic_Cowc_004349216Contig5507Len1170_OG5_127216	53.7	149	69	0	1020	574	229	377	2.06e-45	162
Contig_2_Len1021_Cov18_E	Op_me_cele_WBGene00011510_OG5_127216	51.3	158	77	0	1020	547	224	381	3.43e-45	162
Contig_2_Len1021_Cov18_E	Op_me_bmor_BGIBMGA009515_OG5_127216	52.3	149	71	0	1020	574	233	381	3.58e-45	162
Contig_2_Len1021_Cov18_E	Op_me_amel_XP623502_OG5_127216	54.4	149	68	0	1020	574	235	383	3.82e-45	162
Contig_2_Len1021_Cov18_E	Op_me_ecab_XP001497720_OG5_127216	50.6	170	74	1	1020	511	231	390	5.91e-45	161
Contig_2_Len1021_Cov18_E	Sr_ci_Ptet_001433623Contig31403Len546_OG5_127216	51.3	158	76	1	1020	547	21	177	1.10e-44	154
Contig_2_Len1021_Cov18_E	Op_me_tnig_ENSTNIP00000012917_OG5_127216	51.7	149	72	0	1020	574	239	387	2.69e-44	160
Contig_2_Len1021_Cov18_E	Op_me_mmul_XP001097880_OG5_127216	49.1	159	74	1	1020	565	278	436	5.88e-44	160
Contig_3_Len1019_Cov82_E	Op_me_cint_ENSCINP00000017093_OG5_127090	57.6	243	92	3	1	729	38	269	1.05e-86	266
Contig_3_Len1019_Cov82_E	Op_me_ggal_ENSGALP00000038164_OG5_127090	54.4	250	103	3	1	750	27	265	9.07e-83	256
Contig_3_Len1019_Cov82_E	Op_me_hsap_ENSP00000359345_OG5_127090	54.5	244	100	3	1	732	28	260	1.32e-82	256
Contig_3_Len1019_Cov82_E	Op_me_ptro_ENSPTRP00000001659_OG5_127090	54.5	244	100	3	1	732	28	260	1.32e-82	256
Contig_3_Len1019_Cov82_E	Op_me_clup_ENSCAFP00000029881_OG5_127090	54.5	244	100	3	1	732	35	267	1.65e-82	256
Contig_3_Len1019_Cov82_E	Op_me_rnor_ENSRNOP00000036514_OG5_127090	54.1	244	101	3	1	732	27	259	1.82e-82	255
Contig_3_Len1019_Cov82_E	Op_me_mmus_ENSMUSP00000080854_OG5_127090	54.1	244	101	3	1	732	28	260	2.65e-82	255
Contig_3_Len1019_Cov82_E	Op_me_isca_EEC05450_OG5_127090	53.5	254	101	4	1	744	28	270	3.75e-82	254
Contig_3_Len1019_Cov82_E	Op_me_oana_ENSOANP00000007399_OG5_127090	53.7	244	102	3	1	732	34	266	9.09e-82	254
Contig_3_Len1019_Cov82_E	Pl_rh_cmer_CMH071C_OG5_127090	57.0	237	89	3	1	711	28	251	1.10e-81	253
Contig_3_Len1019_Cov82_E	Op_me_apis_XP001951987_OG5_127090	48.8	281	127	4	1	840	28	292	1.65e-81	253
Contig_3_Len1019_Cov82_E	Op_me_nvec_estExtfgenesh1kg.C580010_OG5_127090	53.7	244	102	3	1	732	28	260	1.66e-80	250
Contig_3_Len1019_Cov82_E	Pl_rh_Gsul_005706768Contig4291Len900_OG5_127090	51.6	275	119	5	1	825	28	288	2.58e-80	250
Contig_3_Len1019_Cov82_E	Op_me_tadh_estExtGenewise1Plus.C20444_OG5_127090	55.6	243	97	3	1	729	28	259	4.84e-80	249
Contig_3_Len1019_Cov82_E	Op_me_mdom_ENSMODP00000014573_OG5_127090	53.9	245	101	4	1	732	34	267	8.53e-80	249
Contig_3_Len1019_Cov82_E	Op_me_tnig_ENSTNIP00000009765_OG5_127090	52.9	244	104	3	1	732	35	267	8.80e-80	249
Contig_3_Len1019_Cov82_E	Op_me_mmul_XP001119361_OG5_127090	53.7	242	105	4	1	720	27	263	6.40e-79	247
Contig_3_Len1019_Cov82_E	Sr_pe_Perk_002786530Contig8449Len945_OG5_127090	53.7	242	105	4	1	720	28	264	6.60e-79	247
Contig_3_Len1019_Cov82_E	Op_me_trub_ENSTRUP00000001245_OG5_127090	51.0	257	109	4	1	771	29	268	8.27e-79	246
Contig_3_Len1019_Cov82_E	Sr_pe_Perk_002784462Contig7999Len984_OG5_127090	53.8	236	103	3	1	705	41	271	1.97e-78	246
Contig_3_Len1019_Cov82_E	Op_me_aaeg_AAEL004325-PAm_OG5_127090	53.1	243	103	2	1	729	28	259	2.20e-78	245
Contig_3_Len1019_Cov82_E	Op_me_bmor_BGIBMGA007879_OG5_127090	53.1	258	101	6	1	771	28	266	2.20e-78	245
Contig_3_Len1019_Cov82_E	Op_me_trub_ENSTRUP00000011708_OG5_127090	52.0	244	106	3	1	732	33	265	2.57e-78	245
Contig_3_Len1019_Cov82_E	Op_me_drer_ENSDARP00000007676_OG5_127090	49.3	282	129	5	1	843	28	296	3.02e-78	244
Contig_3_Len1019_Cov82_E	Op_me_dmel_FBpp0110423_OG5_127090	52.7	243	104	3	1	729	49	280	3.18e-78	245
Contig_4_Len947_Cov15_E	Sr_rh_Rfil_Contig18671length792_OG5_127313	45.7	232	111	2	23	703	1	222	8.66e-63	202
Contig_4_Len947_Cov15_E	Pl_gr_micr_ACO62148_OG5_127313	39.1	151	92	0	254	706	59	209	6.06e-35	130
Contig_4_Len947_Cov15_E	Pl_gr_rcom_29634.m002082_OG5_127313	38.4	151	93	0	254	706	47	197	5.70e-34	127
Contig_4_Len947_Cov15_E	Pl_gr_atha_NP190665_OG5_127313	39.1	151	92	0	254	706	47	197	7.59e-34	127
Contig_4_Len947_Cov15_E	Pl_gr_atha_NP569033_OG5_127313	38.4	151	93	0	254	706	47	197	1.49e-33	126
Contig_4_Len947_Cov15_E	Op_me_amel_XP624087_OG5_127313	42.3	149	85	1	263	706	28	176	5.48e-33	124
Contig_4_Len947_Cov15_E	Sr_ci_Scer_OMJ87136Contig23478Len624_OG5_127313	42.5	146	83	1	272	706	47	192	3.38e-32	122
Contig_4_Len947_Cov15_E	Op_me_ptro_ENSPTRP00000021040_OG5_127313	40.3	149	88	1	263	706	37	185	5.53e-32	122
Contig_4_Len947_Cov15_E	Sr_ci_tthe_7.m00460_OG5_127313	40.1	157	90	2	254	715	53	208	1.23e-31	121
Contig_4_Len947_Cov15_E	Op_me_trub_ENSTRUP00000036530_OG5_127313	41.4	140	81	1	272	688	36	175	1.34e-31	121
Contig_4_Len947_Cov15_E	Op_me_hsap_ENSP00000264255_OG5_127313	40.3	149	88	1	263	706	37	185	1.52e-31	121
Contig_4_Len947_Cov15_E	Op_fu_pchr_fgenesh1pg.Cscaffold2000475_OG5_127313	44.4	135	74	1	308	709	39	173	1.53e-31	120
Contig_4_Len947_Cov15_E	Pl_gr_osat_NP001055035_OG5_127313	39.1	151	92	0	254	706	47	197	1.68e-31	121
Contig_4_Len947_Cov15_E	Op_me_drer_ENSDARP00000092767_OG5_127313	45.7	129	69	1	305	688	50	178	8.20e-31	119
Contig_4_Len947_Cov15_E	EE_cr_Gthe_005840923Contig15658Len681_OG5_127313	40.7	150	88	1	263	709	36	185	1.15e-30	119
Contig_4_Len947_Cov15_E	Sr_ci_Scer_OMJ74972Contig23312Len633_OG5_127313	42.3	137	78	1	299	706	59	195	1.50e-30	118
Contig_4_Len947_Cov15_E	Op_me_dmel_FBpp0081763_OG5_127313	40.3	149	88	1	263	706	28	176	2.45e-30	117
Contig_4_Len947_Cov15_E	Op_me_rnor_ENSRNOP00000025098_OG5_127313	43.1	137	77	1	281	688	43	179	6.17e-30	117
Contig_4_Len947_Cov15_E	Sr_st_pram_fgenesh1pg.Cscaffold149000004_OG5_127313	36.4	176	91	3	260	724	97	272	7.25e-30	118
Contig_4_Len947_Cov15_E	Op_me_mmus_ENSMUSP00000072096_OG5_127313	42.3	137	78	1	281	688	43	179	8.63e-30	116
Contig_4_Len947_Cov15_E	Op_me_aaeg_AAEL010486-PAm_OG5_127313	39.2	143	86	1	281	706	34	176	5.18e-29	114
Contig_4_Len947_Cov15_E	Op_me_bmor_BGIBMGA001711_OG5_127313	38.4	146	89	1	263	697	27	172	6.89e-29	114
Contig_4_Len947_Cov15_E	Pl_gr_ppat_estExtgwpgw1.C650223_OG5_127313	35.1	151	98	0	254	706	47	197	1.77e-28	113
Contig_4_Len947_Cov15_E	Op_me_cpip_CPIJ012668_OG5_127313	37.8	143	88	1	281	706	34	176	3.87e-28	112
Contig_4_Len947_Cov15_E	Sr_ap_chom_Chro.70356_OG5_127313	36.3	146	92	1	272	706	33	178	5.90e-28	110
Contig_5_Len940_Cov57_E	Sr_rh_Rfil_Contig22052length696_OG5_126953	70.7	174	46	3	272	787	9	179	4.30e-79	243
Contig_5_Len940_Cov57_E	Pl_rh_Gsul_005706689Contig4886Len753_OG5_126953	50.2	245	120	2	56	787	7	250	9.36e-70	220
Contig_5_Len940_Cov57_E	Sr_st_Bhom_012895061Contig3523Len714_OG5_126953	47.8	249	114	5	53	787	1	237	2.00e-68	216
Contig_5_Len940_Cov57_E	Sr_st_Bhom_012897016Contig3653Len684_OG5_126953	49.0	241	107	4	65	787	3	227	1.17e-67	214
Contig_5_Len940_Cov57_E	Op_fu_aory_AO090011000338_OG5_126953	47.1	242	123	1	59	784	14	250	2.49e-67	214
Contig_5_Len940_Cov57_E	Sr_ap_ncan_NCLIV057700_OG5_126953	44.2	249	127	5	59	787	6	248	5.13e-66	211
Contig_5_Len940_Cov57_E	Op_fu_cpos_CPAG05637_OG5_126953	46.1	245	127	1	50	784	10	249	7.72e-66	210
Contig_5_Len940_Cov57_E	Op_fu_cimm_CIMG07888T0_OG5_126953	46.1	245	127	1	50	784	10	249	1.09e-65	210
Contig_5_Len940_Cov57_E	Sr_ap_tgon_TGME49114810_OG5_126953	44.6	249	126	5	59	787	16	258	1.98e-65	209
Contig_5_Len940_Cov57_E	Op_fu_anid_AN7107_OG5_126953	52.0	202	92	1	179	784	54	250	2.25e-65	209
Contig_5_Len940_Cov57_E	Op_me_cpip_CPIJ010020_OG5_126953	46.7	261	123	5	20	787	17	266	2.53e-65	209
Contig_5_Len940_Cov57_E	Op_ch_mbre_fgenesh1pg.scaffold48000015_OG5_126953	53.4	206	82	4	179	784	46	241	4.82e-65	208
Contig_5_Len940_Cov57_E	Sr_ap_tann_TA18030_OG5_126953	49.2	242	117	5	71	787	20	258	5.59e-65	208
Contig_5_Len940_Cov57_E	Op_me_nvec_estExtfgenesh1pg.C1580002_OG5_126953	47.8	251	114	7	50	784	5	244	7.48e-65	207
Contig_5_Len940_Cov57_E	Op_me_amel_XP393614_OG5_126953	47.5	244	121	3	59	787	24	261	8.67e-65	208
Contig_5_Len940_Cov57_E	Op_fu_pchr_egww2.1.923.1_OG5_126953	52.9	204	87	3	179	784	49	245	3.08e-64	206
Contig_5_Len940_Cov57_E	Op_ic_Sarc_Contig7750length723_OG5_126953	46.9	245	123	3	53	784	1	239	5.12e-64	205
Contig_5_Len940_Cov57_E	Op_fu_ncra_NCU07829T0_OG5_126953	49.0	202	98	1	179	784	51	247	9.28e-64	205
Contig_5_Len940_Cov57_E	Op_fu_afum_Afu4g03880_OG5_126953	45.5	242	127	1	59	784	44	280	1.79e-63	205
Contig_5_Len940_Cov57_E	Op_me_agam_AGAP008916-PAm_OG5_126953	52.0	202	91	2	182	787	67	262	2.02e-63	204
Contig_5_Len940_Cov57_E	Op_me_bmor_BGIBMGA004375_OG5_126953	46.7	246	120	5	59	787	32	269	2.49e-63	204
Contig_5_Len940_Cov57_E	Op_fu_spom_NP594185_OG5_126953	45.9	244	127	1	56	787	12	250	2.79e-63	204
Contig_5_Len940_Cov57_E	Op_fu_spom_NP595736_OG5_126953	48.5	204	100	1	176	787	53	251	2.88e-63	204
Contig_5_Len940_Cov57_E	Op_me_bmaa_14712.m00222_OG5_126953	51.2	203	93	2	179	787	53	249	5.41e-63	203
Contig_5_Len940_Cov57_E	Op_me_drer_ENSDARP00000018980_OG5_126953	48.4	246	120	3	50	784	6	245	6.97e-63	202
Contig_6_Len930_Cov17_E	Sr_rh_Rfil_Contig15342length909_OG5_126776	66.3	276	93	0	900	73	14	289	2.27e-124	360
Contig_6_Len930_Cov17_E	Op_me_ptro_ENSPTRP00000044138_OG5_126776	58.8	284	116	1	924	73	28	310	1.61e-112	331
Contig_6_Len930_Cov17_E	Op_me_mmus_ENSMUSP00000033585_OG5_126776	58.0	276	116	0	900	73	142	417	2.32e-112	335
Contig_6_Len930_Cov17_E	Op_fu_calb_calbsc5314orf19.3651_OG5_126776	58.2	275	115	0	900	76	141	415	6.58e-112	333
Contig_6_Len930_Cov17_E	Op_me_hsap_ENSP00000362413_OG5_126776	59.4	276	112	0	900	73	142	417	9.32e-112	333
Contig_6_Len930_Cov17_E	Op_me_mmul_XP001100787_OG5_126776	59.4	276	112	0	900	73	142	417	1.32e-111	333
Contig_6_Len930_Cov17_E	Op_me_trub_ENSTRUP00000013704_OG5_126776	59.8	276	111	0	900	73	147	422	1.55e-111	333
Contig_6_Len930_Cov17_E	Op_me_oana_ENSOANP00000003798_OG5_126776	59.4	276	112	0	900	73	123	398	2.90e-111	331
Contig_6_Len930_Cov17_E	Sr_ap_ncan_NCLIV011270_OG5_126776	57.3	274	117	0	900	79	143	416	5.48e-111	331
Contig_6_Len930_Cov17_E	Op_me_bmor_BGIBMGA007681_OG5_126776	60.1	278	111	0	912	79	144	421	6.42e-111	331
Contig_6_Len930_Cov17_E	Sr_ap_tgon_TGVEG009660_OG5_126776	57.1	275	118	0	900	76	143	417	7.77e-111	331
Contig_6_Len930_Cov17_E	Op_me_clup_ENSCAFP00000025449_OG5_126776	59.4	276	112	0	900	73	142	417	1.07e-110	330
Contig_6_Len930_Cov17_E	Op_me_ggal_ENSGALP00000012878_OG5_126776	58.7	276	114	0	900	73	142	417	1.07e-110	330
Contig_6_Len930_Cov17_E	Op_me_mdom_ENSMODP00000029378_OG5_126776	58.7	276	114	0	900	73	142	417	1.51e-110	330
Contig_6_Len930_Cov17_E	Op_me_mmus_ENSMUSP00000080302_OG5_126776	59.1	276	113	0	900	73	142	417	1.51e-110	330
Contig_6_Len930_Cov17_E	Op_me_mdom_ENSMODP00000004988_OG5_126776	58.3	276	115	0	900	73	142	417	4.29e-110	329
Contig_6_Len930_Cov17_E	Op_me_rnor_ENSRNOP00000003390_OG5_126776	59.1	276	113	0	900	73	142	417	4.29e-110	329
Contig_6_Len930_Cov17_E	Op_me_drer_ENSDARP00000070807_OG5_126776	58.0	276	116	0	900	73	142	417	1.22e-109	328
Contig_6_Len930_Cov17_E	Op_fu_ncra_NCU07914T0_OG5_126776	56.6	274	119	0	900	79	142	415	1.78e-109	327
Contig_6_Len930_Cov17_E	Op_fu_dhan_XP461021_OG5_126776	57.7	274	116	0	900	79	140	413	2.37e-109	327
Contig_6_Len930_Cov17_E	Op_fu_gzea_FGST03985_OG5_126776	58.0	276	115	1	900	76	142	417	3.57e-109	327
Contig_6_Len930_Cov17_E	Op_me_ecab_NP001077063_OG5_126776	57.4	282	116	1	918	73	140	417	4.90e-109	326
Contig_6_Len930_Cov17_E	Op_me_mmul_XP001105356_OG5_126776	58.0	276	116	0	900	73	142	417	4.90e-109	326
Contig_6_Len930_Cov17_E	Op_me_bmaa_12616.m00132_OG5_126776	61.9	270	103	0	900	91	140	409	6.52e-109	326
Contig_6_Len930_Cov17_E	Op_me_ecab_XP001502718_OG5_126776	58.7	276	114	0	900	73	177	452	7.25e-109	327
Contig_7_Len926_Cov4_E	Sr_rh_Rfil_Contig24157length642_OG5_127158	48.9	88	45	0	867	604	98	185	3.61e-22	95.9
Contig_7_Len926_Cov4_E	Sr_rh_Rfil_Contig506length3459_OG5_129385	25.3	174	100	4	21	452	881	1054	6.29e-10	64.3
Contig_7_Len926_Cov4_E	EE_ha_Ehux_005763691Contig13458Len1047_OG5_127158	34.6	81	53	0	852	610	197	277	6.94e-06	51.2
Contig_7_Len926_Cov4_E	EE_ha_Ehux_005774836Contig13437Len1047_OG5_127158	34.6	81	53	0	852	610	197	277	6.94e-06	51.2
Contig_7_Len926_Cov4_E	EE_ha_Ehux_005757674Contig13467Len1047_OG5_127158	34.6	81	53	0	852	610	197	277	6.94e-06	51.2
Contig_9_Len888_Cov5_E	Sr_rh_Rfil_Contig6653length1395_OG5_134124	45.5	299	134	6	871	62	154	452	2.20e-74	238
Contig_9_Len888_Cov5_E	Sr_pe_Perk_002771802Contig5129Len1311_OG5_134124	46.5	271	137	5	868	62	155	419	1.56e-69	224
Contig_9_Len888_Cov5_E	Sr_pe_Perk_002783254Contig5123Len1311_OG5_134124	45.8	271	142	3	871	62	164	430	2.94e-69	224
Contig_9_Len888_Cov5_E	Sr_rh_Rfil_Contig7726length1302_OG5_134124	47.3	283	134	5	871	65	147	428	8.88e-68	220
Contig_9_Len888_Cov5_E	Sr_pe_Perk_002780315Contig1068Len2718_OG5_134124	46.7	272	141	3	871	65	524	794	3.23e-64	219
Contig_9_Len888_Cov5_E	Sr_pe_Perk_002768202Contig5196Len1299_OG5_134124	44.4	270	149	1	871	65	152	421	5.07e-64	211
Contig_9_Len888_Cov5_E	Sr_pe_Perk_002787527Contig5291Len1284_OG5_134124	43.7	270	150	2	871	68	150	419	6.30e-64	210
Contig_9_Len888_Cov5_E	Sr_pe_Perk_002785936Contig5300Len1284_OG5_134124	43.3	270	151	2	871	68	150	419	6.93e-63	207
Contig_9_Len888_Cov5_E	Sr_pe_Perk_002778122Contig5180Len1302_OG5_134124	44.1	270	149	2	871	68	153	422	6.26e-62	205
Contig_9_Len888_Cov5_E	Op_fu_afum_Afu4g08490_OG5_134124	44.6	271	146	3	871	68	261	530	2.51e-61	206
Contig_9_Len888_Cov5_E	Pl_gr_micr_ACO64175_OG5_134124	45.2	272	143	4	871	68	154	423	1.39e-60	202
Contig_9_Len888_Cov5_E	Op_fu_cimm_CIMG08838T0_OG5_134124	43.5	271	149	3	871	68	267	536	1.53e-60	204
Contig_9_Len888_Cov5_E	Sr_pe_Perk_002775135Contig2193Len1993_OG5_134124	44.4	270	146	3	871	71	12	280	1.61e-60	207
Contig_9_Len888_Cov5_E	Op_fu_cpos_CPAG04845_OG5_134124	43.5	271	149	3	871	68	271	540	1.66e-60	204
Contig_9_Len888_Cov5_E	Op_fu_aory_AO090023000711_OG5_134124	44.6	271	146	3	871	68	259	528	1.83e-60	204
Contig_9_Len888_Cov5_E	Op_fu_ncra_NCU02287T0_OG5_134124	44.0	273	145	5	871	68	266	535	2.10e-60	204
Contig_9_Len888_Cov5_E	Op_fu_anid_AN1699_OG5_134124	43.2	271	150	3	871	68	262	531	1.05e-59	202
Contig_9_Len888_Cov5_E	Sr_pe_Perk_002765685Contig5178Len1302_OG5_134124	42.8	271	151	3	871	68	153	422	1.05e-59	199
Contig_9_Len888_Cov5_E	Op_fu_gzea_FGST12819_OG5_134124	42.4	271	151	3	871	68	266	534	1.12e-59	202
Contig_9_Len888_Cov5_E	Sr_ci_Pper_KRX00823Contig4730Len1593_OG5_134124	42.8	271	152	3	874	68	252	521	1.16e-59	202
Contig_9_Len888_Cov5_E	Pl_gr_otau_egw1.13.00.131.1_OG5_134124	44.0	273	145	5	871	68	146	415	2.48e-59	198
Contig_9_Len888_Cov5_E	Sr_di_Smic_Contig23325length1332_OG5_134124	43.2	271	148	4	871	68	154	421	1.03e-58	197
Contig_9_Len888_Cov5_E	Op_fu_ylip_XP501919_OG5_134124	44.2	276	142	5	871	68	247	518	2.37e-58	198
Contig_9_Len888_Cov5_E	Sr_di_Smic_Contig22589length1392_OG5_142406	40.9	274	154	4	871	65	159	429	1.76e-57	194
Contig_9_Len888_Cov5_E	Sr_rh_Rfil_Contig9281length1194_OG5_134124	44.2	251	132	3	868	116	139	381	2.01e-57	192
Contig_11_Len842_Cov25_E	Sr_rh_Rfil_Contig16493length867_OG5_126722	75.0	224	56	0	42	713	62	285	4.42e-116	338
Contig_11_Len842_Cov25_E	Sr_rh_Rfil_Contig16561length864_OG5_126722	74.6	224	57	0	42	713	62	285	8.90e-116	337
Contig_11_Len842_Cov25_E	Op_me_mmul_XP002799759_OG5_126722	62.3	228	81	3	21	698	35	259	1.69e-90	273
Contig_11_Len842_Cov25_E	Op_me_clup_ENSCAFP00000028798_OG5_126722	61.7	227	83	2	21	698	30	253	3.95e-90	272
Contig_11_Len842_Cov25_E	Op_me_trub_ENSTRUP00000016765_OG5_126722	62.6	222	79	2	36	698	37	255	1.20e-89	271
Contig_11_Len842_Cov25_E	Op_me_tnig_ENSTNIP00000021174_OG5_126722	62.6	222	79	2	36	698	37	255	1.70e-89	270
Contig_11_Len842_Cov25_E	Op_me_amel_XP392843_OG5_126722	63.7	215	75	1	54	698	49	260	1.76e-89	270
Contig_11_Len842_Cov25_E	Op_me_agam_AGAP003768-PAm_OG5_126722	61.4	220	82	1	39	698	41	257	4.11e-89	269
Contig_11_Len842_Cov25_E	Op_me_dmel_FBpp0079500_OG5_126722	61.4	220	82	1	39	698	36	252	4.63e-89	269
Contig_11_Len842_Cov25_E	Op_me_drer_ENSDARP00000103754_OG5_126722	61.7	222	81	2	36	698	37	255	5.00e-89	269
Contig_11_Len842_Cov25_E	Sr_st_tpse_estExtfgenesh1pg.Cchr100371_OG5_126722	60.9	230	80	2	39	707	36	262	5.57e-89	268
Contig_11_Len842_Cov25_E	EE_ap_Ttra_Contig8243length825_OG5_126722	62.0	221	81	1	36	698	38	255	5.83e-89	269
Contig_11_Len842_Cov25_E	Op_me_apis_XP001946719_OG5_126722	62.3	215	78	1	54	698	36	247	6.15e-89	268
Contig_11_Len842_Cov25_E	Op_me_hsap_ENSP00000341885_OG5_126722	61.7	222	81	2	36	698	51	269	1.53e-88	268
Contig_11_Len842_Cov25_E	Op_me_mmul_XP001095648_OG5_126722	61.7	222	81	2	36	698	51	269	1.53e-88	268
Contig_11_Len842_Cov25_E	Op_me_ptro_ENSPTRP00000040828_OG5_126722	61.7	222	81	2	36	698	51	269	1.53e-88	268
Contig_11_Len842_Cov25_E	Op_me_clup_ENSCAFP00000020488_OG5_126722	61.7	222	81	2	36	698	34	252	2.51e-88	267
Contig_11_Len842_Cov25_E	Op_me_nvec_estExtGenewiseH1.C80206_OG5_126722	61.9	215	79	1	54	698	42	253	2.62e-88	268
Contig_11_Len842_Cov25_E	Op_me_aaeg_AAEL010168-PAm_OG5_126722	61.4	220	82	1	39	698	42	258	3.44e-88	267
Contig_11_Len842_Cov25_E	Op_me_ggal_ENSGALP00000008802_OG5_126722	61.7	222	81	2	36	698	44	262	3.48e-88	267
Contig_11_Len842_Cov25_E	Op_me_ecab_XP001498024_OG5_126722	61.7	222	81	2	36	698	51	269	4.36e-88	267
Contig_11_Len842_Cov25_E	Op_me_mmus_ENSMUSP00000092502_OG5_126722	61.7	222	81	2	36	698	51	269	4.36e-88	267
Contig_11_Len842_Cov25_E	Op_me_rnor_ENSRNOP00000019508_OG5_126722	61.7	222	81	2	36	698	51	269	4.36e-88	267
Contig_11_Len842_Cov25_E	Op_me_rnor_ENSRNOP00000036343_OG5_126722	61.0	228	85	2	18	698	27	251	4.88e-88	266
Contig_11_Len842_Cov25_E	Op_me_mmul_XP001095547_OG5_126722	61.9	215	79	1	54	698	36	247	1.22e-87	265
Contig_12_Len840_Cov13_E	Sr_rh_Rfil_Contig20331length741_OG5_128291	50.6	160	78	1	687	211	86	245	7.32e-37	134
Contig_12_Len840_Cov13_E	Sr_rh_Rfil_Contig20259length744_OG5_128291	43.1	153	86	1	687	232	95	247	3.47e-29	114
Contig_13_Len826_Cov13_E	Sr_rh_Rfil_Contig3909length1749_OG5_126874	69.9	173	52	0	800	282	156	328	1.02e-77	243
Contig_13_Len826_Cov13_E	EE_ap_Ttra_Contig6280length1203_OG5_126874	62.9	159	59	0	800	324	234	392	5.01e-66	214
Contig_13_Len826_Cov13_E	Op_me_amel_XP624821_OG5_126874	61.2	178	62	2	806	291	228	404	7.40e-66	214
Contig_13_Len826_Cov13_E	Op_me_phum_PHUM423020_OG5_126874	63.2	174	57	2	806	303	228	400	8.49e-66	214
Contig_13_Len826_Cov13_E	Op_me_bmor_BGIBMGA013567_OG5_126874	61.5	174	60	2	806	303	215	387	7.85e-65	211
Contig_13_Len826_Cov13_E	Op_me_apis_XP001951042_OG5_126874	61.4	176	61	2	806	297	228	402	9.66e-65	211
Contig_13_Len826_Cov13_E	Op_me_cint_ENSCINP00000013838_OG5_126874	59.8	174	61	3	818	321	222	394	8.27e-63	206
Contig_13_Len826_Cov13_E	Ex_eu_tcru_Tc00.1047053510879.110_OG5_126874	58.4	173	66	1	800	282	239	405	2.75e-62	205
Contig_13_Len826_Cov13_E	Op_me_agam_AGAP003556-PAm_OG5_126874	57.7	175	67	2	806	300	228	401	4.16e-62	204
Contig_13_Len826_Cov13_E	Am_di_Acas_Contig6149length1197_OG5_126874	62.6	163	60	1	800	312	235	396	5.11e-62	204
Contig_13_Len826_Cov13_E	Op_me_dmel_FBpp0081822_OG5_126874	60.9	174	61	2	806	303	228	400	5.71e-62	204
Contig_13_Len826_Cov13_E	Op_me_cpip_CPIJ007488_OG5_126874	58.9	175	65	2	806	300	265	438	6.90e-62	205
Contig_13_Len826_Cov13_E	EE_cr_Gthe_005835646Contig8244Len1206_OG5_126874	61.6	164	62	1	797	306	236	398	1.10e-61	203
Contig_13_Len826_Cov13_E	Op_me_nvec_estExtfgenesh1kg.C3030001_OG5_126874	60.0	165	65	1	800	306	237	400	1.75e-61	202
Contig_13_Len826_Cov13_E	Ex_eu_tcon_TcIL3000.4.1450_OG5_126874	57.2	173	68	1	800	282	239	405	2.20e-61	203
Contig_13_Len826_Cov13_E	Pl_gr_rcom_29863.m001058_OG5_126874	62.3	159	53	1	800	324	237	388	2.26e-61	202
Contig_13_Len826_Cov13_E	Op_me_ggal_ENSGALP00000019852_OG5_126874	60.8	171	60	2	806	312	228	397	3.23e-61	202
Contig_13_Len826_Cov13_E	Op_me_tnig_ENSTNIP00000014205_OG5_126874	59.1	171	63	2	806	312	228	397	3.23e-61	202
Contig_13_Len826_Cov13_E	Pl_gr_ppat_estExtGenewise1.C3300024_OG5_126874	61.0	159	56	1	800	324	237	389	3.44e-61	201
Contig_13_Len826_Cov13_E	Op_me_isca_EEC19860_OG5_126874	58.6	174	65	2	806	303	215	387	4.61e-61	201
Contig_13_Len826_Cov13_E	Pl_gr_osat_NP001066250_OG5_126874	62.9	159	52	1	800	324	237	388	6.33e-61	201
Contig_13_Len826_Cov13_E	Pl_gr_rcom_29765.m000743_OG5_126874	62.3	159	53	1	800	324	237	388	6.33e-61	201
Contig_13_Len826_Cov13_E	Op_me_trub_ENSTRUP00000000301_OG5_126874	59.1	171	63	2	806	312	228	397	6.41e-61	201
Contig_13_Len826_Cov13_E	Ex_eu_linf_LinJ.32.3320_OG5_126874	57.2	173	68	1	800	282	239	405	6.78e-61	201
Contig_13_Len826_Cov13_E	Ex_eu_lmaj_LmjF.34.2880_OG5_126874	57.2	173	68	1	800	282	239	405	6.78e-61	201
Contig_14_Len824_Cov4_E	Sr_rh_Rfil_Contig6895length1377_OG5_128435	72.6	266	72	1	26	820	189	454	3.67e-145	418
Contig_14_Len824_Cov4_E	Sr_rh_Rfil_Contig13612length978_OG5_128435	74.7	229	58	0	26	712	98	326	8.56e-131	377
Contig_14_Len824_Cov4_E	Sr_st_Pinf_002902731Contig3668Len1710_OG5_128435	60.0	265	105	1	26	817	303	567	4.04e-111	335
Contig_14_Len824_Cov4_E	Sr_st_pram_fgenesh1pm.Cscaffold14000016_OG5_128435	58.9	265	108	1	26	817	254	518	5.59e-111	333
Contig_14_Len824_Cov4_E	Op_ic_Sarc_Contig2482length1686_OG5_128435	60.4	255	100	1	17	781	293	546	7.27e-110	332
Contig_14_Len824_Cov4_E	Sr_st_pram_fgenesh1pm.Cscaffold35000007_OG5_128435	57.2	264	112	1	26	817	269	531	7.40e-109	328
Contig_14_Len824_Cov4_E	Sr_st_pram_fgenesh1pm.Cscaffold35000009_OG5_128435	57.2	264	112	1	26	817	269	531	7.40e-109	328
Contig_14_Len824_Cov4_E	Sr_st_Pinf_002901952Contig4161Len1602_OG5_128435	56.1	264	115	1	26	817	269	531	4.28e-105	318
Contig_14_Len824_Cov4_E	Ba_pd_cjej_YP002344330_OG5_128435	59.4	254	102	1	26	787	258	510	1.91e-101	309
Contig_14_Len824_Cov4_E	Sr_st_Ptri_002183984Contig2181Len1839_OG5_128435	56.3	268	109	2	17	820	344	603	2.59e-101	311
Contig_14_Len824_Cov4_E	Sr_ci_tthe_46.m00183_OG5_128435	53.9	267	121	2	26	820	288	554	8.98e-98	300
Contig_14_Len824_Cov4_E	Sr_st_Aana_Contig2686length1929_OG5_128435	55.6	252	112	0	26	781	356	607	1.33e-97	302
Contig_14_Len824_Cov4_E	Sr_st_tpse_fgenesh1pg.Cchr5000228_OG5_128435	56.9	253	102	2	26	781	356	602	1.61e-97	301
Contig_14_Len824_Cov4_E	Sr_st_Bhom_012896779Contig940Len1653_OG5_128435	53.6	265	121	2	26	817	284	547	8.80e-97	298
Contig_14_Len824_Cov4_E	Sr_ci_Ptet_001428986Contig9783Len1626_OG5_128435	53.7	255	117	1	26	787	274	528	9.74e-97	297
Contig_14_Len824_Cov4_E	Sr_st_Bhom_012896710Contig903Len1680_OG5_128435	53.6	265	121	2	26	817	293	556	1.12e-96	298
Contig_14_Len824_Cov4_E	Sr_ci_Ptet_001437278Contig9712Len1632_OG5_128435	51.8	255	122	1	26	787	276	530	2.30e-95	294
Contig_14_Len824_Cov4_E	Sr_ci_Imul_004037015Contig1688Len1668_OG5_128435	54.1	255	116	1	26	787	288	542	4.47e-95	293
Contig_14_Len824_Cov4_E	Sr_ci_Ptet_001448411Contig9422Len1659_OG5_128435	50.0	266	131	2	26	817	285	550	9.20e-94	290
Contig_14_Len824_Cov4_E	Sr_ci_Ptet_001447574Contig9804Len1626_OG5_128435	52.5	255	120	1	26	787	274	528	9.70e-94	290
Contig_14_Len824_Cov4_E	Sr_ci_Ptet_001447862Contig9721Len1632_OG5_128435	51.4	255	123	1	26	787	276	530	2.88e-93	288
Contig_14_Len824_Cov4_E	Sr_ci_Ptet_001424250Contig9359Len1662_OG5_128435	51.0	255	124	1	26	787	286	540	8.34e-92	285
Contig_14_Len824_Cov4_E	Ba_pa_bsui_NP699064_OG5_128435	52.3	258	121	2	26	796	265	521	4.22e-91	283
Contig_14_Len824_Cov4_E	Sr_ci_Pper_KRX06973Contig4501Len1656_OG5_128435	51.2	254	122	1	26	781	283	536	1.76e-90	281
Contig_14_Len824_Cov4_E	Sr_ci_Ptet_001444983Contig9418Len1659_OG5_128435	51.0	253	123	1	26	781	285	537	1.80e-90	281
Contig_16_Len818_Cov35_E	Sr_rh_Rfil_Contig17665length828_OG5_128257	97.1	206	5	1	816	199	69	273	2.25e-132	379
Contig_16_Len818_Cov35_E	Sr_pe_Perk_002771956Contig12055Len693_OG5_128257	94.2	206	10	2	816	199	25	228	2.49e-128	367
Contig_16_Len818_Cov35_E	Op_ic_Cowc_004365491Contig7357Len687_OG5_128257	93.2	206	12	2	816	199	25	228	1.90e-127	364
Contig_16_Len818_Cov35_E	Op_ic_Sarc_Contig8061length690_OG5_128257	91.8	207	15	2	816	196	25	229	2.29e-126	362
Contig_16_Len818_Cov35_E	Sr_ci_Scer_OMJ85915Contig22027Len687_OG5_128257	90.8	206	17	2	816	199	25	228	7.34e-125	358
Contig_16_Len818_Cov35_E	EE_ap_Ttra_Contig8925length684_OG5_128257	90.7	205	17	2	816	202	25	227	2.36e-123	354
Contig_16_Len818_Cov35_E	Ex_he_Ngru_Contig11133length825_OG5_128257	84.4	225	15	3	816	196	25	247	1.36e-122	353
Contig_16_Len818_Cov35_E	Sr_ci_Scer_OMJ92472Contig21691Len702_OG5_128257	88.6	211	17	3	816	199	25	233	2.38e-122	352
Contig_16_Len818_Cov35_E	EE_cr_Gthe_005831810Contig15525Len690_OG5_128257	88.3	205	22	2	813	199	26	228	1.61e-119	344
Contig_16_Len818_Cov35_E	Sr_di_Smic_Contig2339length6843_OG5_126709	90.8	217	18	2	816	166	475	689	4.51e-115	367
Contig_16_Len818_Cov35_E	Sr_ci_Slem_CDW90045Contig16725Len690_OG5_128257	82.1	207	35	2	816	196	25	229	9.70e-114	330
Contig_16_Len818_Cov35_E	Sr_pe_Perk_002783557Contig15532Len492_OG5_128257	94.1	153	8	1	657	199	1	152	2.72e-93	275
Contig_16_Len818_Cov35_E	Op_ic_Cowc_011269968Contig7472Len657_OG5_128257	92.8	153	10	1	657	199	1	152	7.86e-92	273
Contig_16_Len818_Cov35_E	Sr_st_Aana_Contig7629length753_OG5_128257	71.1	218	48	2	816	205	25	241	1.71e-90	271
Contig_16_Len818_Cov35_E	EE_ha_Ehux_005768395Contig20597Len771_OG5_128257	90.2	153	14	1	657	199	1	152	2.25e-87	264
Contig_16_Len818_Cov35_E	Ex_he_Ngru_Contig14398length459_OG5_128257	81.0	153	28	1	657	199	1	152	5.71e-83	249
Contig_16_Len818_Cov35_E	Ex_he_Ngru_Contig14374length462_OG5_128257	79.7	153	30	1	657	199	1	152	1.69e-82	248
Contig_16_Len818_Cov35_E	Ex_he_Ngru_Contig14361length462_OG5_128257	79.1	153	31	1	657	199	1	152	3.39e-82	247
Contig_16_Len818_Cov35_E	Ex_he_Ngru_Contig14403length459_OG5_128257	77.8	153	33	1	657	199	1	152	1.08e-80	243
Contig_16_Len818_Cov35_E	Sr_ci_Scer_OMJ89029Contig22018Len687_OG5_128257	62.9	205	74	2	816	202	25	227	4.47e-78	239
Contig_16_Len818_Cov35_E	Ex_he_Ngru_Contig14393length459_OG5_128257	75.2	153	37	1	657	199	1	152	1.10e-75	230
Contig_16_Len818_Cov35_E	Sr_ci_Ptet_001437835Contig24705Len816_OG5_128257	79.3	150	30	1	657	208	1	149	2.92e-75	233
Contig_16_Len818_Cov35_E	Sr_rh_Rfil_Contig15078length918_OG5_128257	57.6	262	38	4	816	196	39	282	7.01e-75	233
Contig_16_Len818_Cov35_E	EE_cr_Gthe_005824088Contig17245Len600_OG5_127221	83.6	140	22	1	813	394	2	140	1.60e-71	221
Contig_16_Len818_Cov35_E	Sr_rh_Rfil_Contig32583length462_OG5_128257	75.5	155	19	2	648	199	9	149	4.64e-65	203
Contig_18_Len808_Cov24_E	Sr_rh_Rfil_Contig17665length828_OG5_128257	96.9	254	7	1	4	765	21	273	2.22e-166	464
Contig_18_Len808_Cov24_E	Sr_pe_Perk_002771956Contig12055Len693_OG5_128257	93.9	230	12	2	76	765	1	228	7.93e-145	408
Contig_18_Len808_Cov24_E	Op_ic_Cowc_004365491Contig7357Len687_OG5_128257	92.6	230	15	2	76	765	1	228	1.73e-143	405
Contig_18_Len808_Cov24_E	Op_ic_Sarc_Contig8061length690_OG5_128257	91.3	231	18	2	76	768	1	229	4.22e-142	401
Contig_18_Len808_Cov24_E	Sr_di_Smic_Contig2339length6843_OG5_126709	93.7	254	13	3	4	765	428	678	7.05e-142	443
Contig_18_Len808_Cov24_E	Sr_ci_Scer_OMJ85915Contig22027Len687_OG5_128257	90.0	230	21	2	76	765	1	228	2.74e-140	397
Contig_18_Len808_Cov24_E	EE_ap_Ttra_Contig8925length684_OG5_128257	90.0	229	21	2	76	762	1	227	6.21e-139	393
Contig_18_Len808_Cov24_E	Ex_he_Ngru_Contig11133length825_OG5_128257	84.7	249	18	3	76	768	1	247	8.92e-139	394
Contig_18_Len808_Cov24_E	Sr_ci_Scer_OMJ92472Contig21691Len702_OG5_128257	88.1	235	21	3	76	765	1	233	8.95e-138	390
Contig_18_Len808_Cov24_E	EE_cr_Gthe_005831810Contig15525Len690_OG5_128257	87.4	230	27	2	76	765	1	228	2.47e-134	382
Contig_18_Len808_Cov24_E	Sr_ci_Slem_CDW90045Contig16725Len690_OG5_128257	81.4	231	41	2	76	768	1	229	6.12e-128	365
Contig_18_Len808_Cov24_E	Sr_st_Aana_Contig7629length753_OG5_128257	71.5	242	54	2	76	759	1	241	4.74e-104	306
Contig_18_Len808_Cov24_E	Sr_pe_Perk_002783557Contig15532Len492_OG5_128257	92.9	155	10	1	76	540	1	154	2.44e-93	275
Contig_18_Len808_Cov24_E	Op_ic_Cowc_011269968Contig7472Len657_OG5_128257	79.7	187	36	2	76	636	1	185	8.63e-93	275
Contig_18_Len808_Cov24_E	Sr_ci_Scer_OMJ89029Contig22018Len687_OG5_128257	62.4	229	84	2	76	762	1	227	4.22e-90	270
Contig_18_Len808_Cov24_E	EE_ha_Ehux_005768395Contig20597Len771_OG5_128257	83.8	167	26	1	76	576	1	166	1.00e-87	265
Contig_18_Len808_Cov24_E	Sr_rh_Rfil_Contig15078length918_OG5_128257	60.7	275	35	4	91	750	20	276	1.78e-87	265
Contig_18_Len808_Cov24_E	Ex_he_Ngru_Contig14398length459_OG5_128257	81.0	153	28	1	76	534	1	152	1.03e-82	248
Contig_18_Len808_Cov24_E	Ex_he_Ngru_Contig14374length462_OG5_128257	79.7	153	30	1	76	534	1	152	3.05e-82	247
Contig_18_Len808_Cov24_E	Ex_he_Ngru_Contig14361length462_OG5_128257	79.1	153	31	1	76	534	1	152	6.13e-82	246
Contig_18_Len808_Cov24_E	Ex_he_Ngru_Contig14403length459_OG5_128257	77.8	153	33	1	76	534	1	152	1.96e-80	242
Contig_18_Len808_Cov24_E	Ex_he_Ngru_Contig14393length459_OG5_128257	75.2	153	37	1	307	765	1	152	9.92e-76	230
Contig_18_Len808_Cov24_E	Sr_ci_Ptet_001437835Contig24705Len816_OG5_128257	79.3	150	30	1	76	525	1	149	2.62e-75	233
Contig_18_Len808_Cov24_E	EE_cr_Gthe_005824088Contig17245Len600_OG5_127221	83.6	140	22	1	151	570	2	140	2.04e-71	221
Contig_18_Len808_Cov24_E	Sr_rh_Rfil_Contig32583length462_OG5_128257	76.1	159	19	2	85	546	9	153	1.58e-67	209
Contig_20_Len798_Cov25_E	Sr_rh_Rfil_Contig15082length918_OG5_126631	60.6	216	57	3	789	217	85	297	8.94e-78	241
Contig_20_Len798_Cov25_E	Sr_rh_Rfil_Contig6367length1422_OG5_126631	62.4	189	62	3	789	241	278	463	4.40e-69	224
Contig_20_Len798_Cov25_E	Sr_rh_Rfil_Contig25458length612_OG5_126631	52.8	176	73	3	774	247	25	190	9.01e-52	171
Contig_20_Len798_Cov25_E	Op_ch_mbre_estExtfgenesh1pg.C90087_OG5_126631	44.4	196	91	3	789	217	239	421	9.70e-46	162
Contig_20_Len798_Cov25_E	Sr_pe_Perk_002764776Contig12316Len675_OG5_126631	41.0	200	100	3	789	205	36	222	1.07e-43	151
Contig_20_Len798_Cov25_E	Sr_pe_Perk_002767119Contig4424Len1416_OG5_126631	43.0	200	96	3	789	205	283	469	4.95e-43	155
Contig_20_Len798_Cov25_E	Sr_pe_Perk_002786917Contig4421Len1416_OG5_126631	43.0	200	96	3	789	205	283	469	4.95e-43	155
Contig_20_Len798_Cov25_E	Sr_pe_Perk_002781906Contig4407Len1416_OG5_126631	43.0	200	96	3	789	205	283	469	6.91e-43	155
Contig_20_Len798_Cov25_E	Pl_gr_vcar_XP002948033_OG5_126631	43.2	199	95	3	789	208	278	463	8.43e-43	155
Contig_20_Len798_Cov25_E	Sr_pe_Perk_002783908Contig5709Len1230_OG5_126631	42.7	199	96	3	789	208	221	406	8.55e-43	154
Contig_20_Len798_Cov25_E	Sr_pe_Perk_002767118Contig4423Len1416_OG5_126631	43.0	200	96	3	789	205	283	469	9.65e-43	155
Contig_20_Len798_Cov25_E	Pl_gr_vcar_XP002945791_OG5_126631	42.7	199	96	3	789	208	278	463	1.64e-42	154
Contig_20_Len798_Cov25_E	Sr_pe_Perk_002788268Contig4475Len1407_OG5_126631	42.7	199	96	3	789	208	280	465	1.79e-42	154
Contig_20_Len798_Cov25_E	Op_ic_Sarc_Contig3481length1389_OG5_126631	43.4	196	93	3	789	217	277	459	3.15e-42	153
Contig_20_Len798_Cov25_E	Sr_pe_Perk_002764983Contig4409Len1416_OG5_126631	42.7	199	96	3	789	208	283	468	3.66e-42	153
Contig_20_Len798_Cov25_E	Sr_rh_Rfil_Contig31274length489_OG5_126631	65.3	118	37	2	789	439	49	163	4.44e-42	145
Contig_20_Len798_Cov25_E	Sr_pe_Perk_002764405Contig4431Len1413_OG5_126631	42.2	199	97	3	789	208	282	467	9.77e-42	152
Contig_20_Len798_Cov25_E	Sr_pe_Perk_002779342Contig4448Len1413_OG5_126631	42.2	199	97	3	789	208	282	467	9.77e-42	152
Contig_20_Len798_Cov25_E	Pl_gr_crei_132905_OG5_126631	42.2	199	97	3	789	208	278	463	2.37e-41	151
Contig_20_Len798_Cov25_E	Sr_pe_Perk_002768583Contig5715Len1230_OG5_126631	41.2	199	99	3	789	208	221	406	2.47e-41	150
Contig_20_Len798_Cov25_E	Sr_pe_Perk_002772830Contig4446Len1413_OG5_126631	41.0	200	100	3	789	205	282	468	2.65e-41	151
Contig_20_Len798_Cov25_E	Sr_pe_Perk_002779343Contig4449Len1413_OG5_126631	41.0	200	100	3	789	205	282	468	2.65e-41	151
Contig_20_Len798_Cov25_E	Sr_pe_Perk_002772828Contig4445Len1413_OG5_126631	41.2	199	99	3	789	208	282	467	7.19e-41	150
Contig_20_Len798_Cov25_E	EE_ha_Ehux_005787888Contig7357Len1434_OG5_126631	40.2	199	101	3	789	208	280	465	5.86e-40	147
Contig_20_Len798_Cov25_E	EE_cr_Gthe_005841947Contig6372Len1419_OG5_126631	40.8	201	100	4	789	205	278	465	2.04e-39	146
Contig_21_Len798_Cov13_E	Sr_rh_Rfil_Contig8278length1263_OG5_131453	49.0	208	78	3	779	162	198	379	4.89e-51	174
Contig_21_Len798_Cov13_E	Sr_st_Aana_Contig5282length1122_OG5_131453	42.0	138	79	1	608	195	188	324	2.42e-22	98.2
Contig_21_Len798_Cov13_E	Sr_st_Pinf_002896748Contig3927Len1653_OG5_129598	47.1	102	53	1	623	318	396	496	5.38e-21	95.9
Contig_21_Len798_Cov13_E	Sr_st_pram_fgenesh1pg.Cscaffold60000083_OG5_129598	48.0	102	52	1	623	318	407	507	7.45e-21	95.5
Contig_21_Len798_Cov13_E	Op_me_ggal_ENSGALP00000012102_OG5_131453	37.5	152	91	3	614	162	505	653	1.13e-20	95.1
Contig_21_Len798_Cov13_E	Sr_pe_Perk_002784155Contig3040Len1707_OG5_129598	53.9	89	41	0	617	351	413	501	1.38e-20	94.7
Contig_21_Len798_Cov13_E	Op_me_cbri_WBGene00026639_OG5_131453	35.8	159	95	2	620	162	435	592	1.45e-20	94.7
Contig_21_Len798_Cov13_E	Op_me_cele_WBGene00003569_OG5_131453	34.6	159	97	2	620	162	427	584	1.95e-20	94.4
Contig_21_Len798_Cov13_E	Op_me_cpip_CPIJ004488_OG5_129598	35.5	141	61	2	779	357	301	411	2.14e-20	94.0
Contig_21_Len798_Cov13_E	Op_me_phum_PHUM397320_OG5_129598	31.8	211	108	5	779	162	309	488	2.98e-20	93.6
Contig_21_Len798_Cov13_E	Sr_pe_Perk_002780963Contig3739Len1545_OG5_129598	52.8	89	42	0	617	351	360	448	3.11e-20	93.6
Contig_21_Len798_Cov13_E	Pl_gr_micr_ACO69610_OG5_129598	47.5	101	53	0	617	315	381	481	3.28e-20	93.6
Contig_21_Len798_Cov13_E	Op_me_isca_EEC07278_OG5_129598	32.9	158	105	1	614	144	91	248	5.01e-20	90.1
Contig_21_Len798_Cov13_E	Op_me_ggal_ENSGALP00000024281_OG5_131453	35.5	152	94	3	614	162	506	654	5.13e-20	93.2
Contig_21_Len798_Cov13_E	Op_me_aaeg_AAEL004825-PAm_OG5_129598	36.5	156	93	3	614	162	326	480	5.38e-20	92.8
Contig_21_Len798_Cov13_E	Op_me_bmor_BGIBMGA000538_OG5_129598	34.2	146	66	2	794	357	258	373	8.79e-20	92.0
Contig_21_Len798_Cov13_E	Op_me_amel_XP624828_OG5_133663	35.5	141	61	2	779	357	276	386	9.20e-20	92.0
Contig_21_Len798_Cov13_E	Op_me_tadh_egw1.31.22.1_OG5_129598	38.4	159	93	4	614	144	351	506	1.05e-19	92.0
Contig_21_Len798_Cov13_E	Op_me_clup_ENSCAFP00000002368_OG5_131453	34.9	152	95	3	614	162	201	349	1.12e-19	90.9
Contig_21_Len798_Cov13_E	Op_me_tnig_ENSTNIP00000014270_OG5_131453	33.6	152	97	3	614	162	182	330	1.26e-19	90.5
Contig_21_Len798_Cov13_E	EE_ha_Ehux_005776473Contig23061Len690_OG5_133663	45.6	90	49	0	614	345	68	157	1.63e-19	88.2
Contig_21_Len798_Cov13_E	Op_me_isca_EEC10814_OG5_129598	45.6	90	49	0	623	354	360	449	1.69e-19	91.3
Contig_21_Len798_Cov13_E	Op_me_trub_ENSTRUP00000014974_OG5_131453	33.6	152	97	3	614	162	502	650	2.33e-19	91.3
Contig_21_Len798_Cov13_E	Op_me_ecab_XP001495060_OG5_131453	34.9	152	95	3	614	162	503	651	3.15e-19	90.9
Contig_21_Len798_Cov13_E	Op_me_hsap_ENSP00000344801_OG5_131453	35.5	152	94	3	614	162	503	651	3.15e-19	90.9
Contig_22_Len798_Cov8_E	Pl_gr_vcar_XP002953944_OG5_127313	37.1	159	94	2	619	143	22	174	1.74e-28	111
Contig_22_Len798_Cov8_E	Pl_gr_crei_183659_OG5_127313	33.5	203	121	4	619	35	23	219	2.56e-28	111
Contig_22_Len798_Cov8_E	Pl_gr_atha_NP566772_OG5_127313	36.4	173	101	3	661	143	10	173	1.09e-27	109
Contig_22_Len798_Cov8_E	Pl_gr_micr_ACO61269_OG5_127313	38.6	140	78	3	610	194	17	149	3.83e-27	108
Contig_22_Len798_Cov8_E	Pl_gr_atha_NP179489_OG5_127313	35.6	177	105	3	673	143	6	173	4.32e-27	107
Contig_22_Len798_Cov8_E	Pl_gr_rcom_29801.m003064_OG5_127313	35.4	195	115	4	619	41	22	207	1.59e-26	106
Contig_22_Len798_Cov8_E	Sr_ap_chom_Chro.70356_OG5_127313	32.8	177	112	2	643	119	9	180	3.05e-26	104
Contig_22_Len798_Cov8_E	Sr_ap_cmur_CMU023150_OG5_127313	33.7	184	115	2	679	134	1	179	6.83e-26	103
Contig_22_Len798_Cov8_E	Op_me_hsap_ENSP00000264255_OG5_127313	32.0	206	124	3	619	35	26	226	1.34e-24	101
Contig_22_Len798_Cov8_E	Op_me_ptro_ENSPTRP00000021040_OG5_127313	32.0	206	124	3	619	35	26	226	1.88e-24	101
Contig_22_Len798_Cov8_E	Pl_gr_osat_NP001061375_OG5_127313	35.3	173	102	5	661	143	11	173	3.73e-23	97.4
Contig_22_Len798_Cov8_E	Op_me_rnor_ENSRNOP00000025098_OG5_127313	32.0	206	124	3	619	35	26	226	5.32e-23	97.4
Contig_22_Len798_Cov8_E	Op_me_mmus_ENSMUSP00000072096_OG5_127313	32.0	206	124	3	619	35	26	226	7.43e-23	97.1
Contig_22_Len798_Cov8_E	Op_me_tadh_fgeneshTA2pg.Cscaffold5000566_OG5_127313	35.9	142	86	1	619	194	21	157	8.52e-23	96.7
Contig_22_Len798_Cov8_E	Sr_ch_Vbra_Contig18551length591_OG5_127313	35.8	148	89	2	637	194	13	154	5.50e-22	94.0
Contig_22_Len798_Cov8_E	Op_me_bmaa_14980.m02772_OG5_127313	30.1	209	133	3	637	35	53	256	5.55e-22	95.5
Contig_22_Len798_Cov8_E	Op_me_drer_ENSDARP00000092767_OG5_127313	31.2	205	126	3	619	35	25	224	7.65e-22	94.4
Contig_22_Len798_Cov8_E	Op_me_aaeg_AAEL010486-PAm_OG5_127313	29.6	186	122	2	679	122	1	177	1.71e-21	93.2
Contig_22_Len798_Cov8_E	Op_me_dmel_FBpp0081763_OG5_127313	27.8	205	136	2	619	26	17	216	2.34e-21	92.8
Contig_22_Len798_Cov8_E	Op_me_ggal_ENSGALP00000035801_OG5_127313	34.0	162	96	2	487	35	66	227	7.98e-21	91.7
Contig_22_Len798_Cov8_E	Op_me_mdom_ENSMODP00000001642_OG5_127313	39.1	115	70	0	487	143	67	181	6.05e-20	89.4
Contig_22_Len798_Cov8_E	Op_me_bmor_BGIBMGA001711_OG5_127313	32.9	152	97	1	655	200	4	150	6.34e-20	89.0
Contig_22_Len798_Cov8_E	Op_me_ecab_XP001490320_OG5_127313	34.0	162	96	2	487	35	65	226	7.93e-20	89.0
Contig_22_Len798_Cov8_E	Op_me_clup_ENSCAFP00000003322_OG5_127313	34.0	162	96	2	487	35	69	230	8.58e-20	89.0
Contig_22_Len798_Cov8_E	Op_me_mmul_XP001104184_OG5_127313	34.0	162	96	2	487	35	65	226	1.10e-19	88.6
Contig_23_Len786_Cov45_E	Sr_rh_Rfil_Contig13696length975_OG5_127238	64.2	204	63	2	784	179	116	311	1.33e-84	258
Contig_23_Len786_Cov45_E	Pl_rh_Gsul_005706833Contig3373Len1101_OG5_127238	56.9	202	84	3	772	170	166	365	7.19e-66	212
Contig_23_Len786_Cov45_E	Sr_st_tpse_estExtGenewise1.Cchr20550_OG5_127238	56.5	200	83	3	775	179	113	309	4.06e-65	209
Contig_23_Len786_Cov45_E	Sr_st_Ptri_002185708Contig6525Len951_OG5_127238	55.4	193	84	2	751	176	123	314	7.89e-65	208
Contig_23_Len786_Cov45_E	Sr_st_pram_fgenesh1pm.Cscaffold2000015_OG5_127238	55.2	201	85	3	775	179	132	329	2.10e-63	205
Contig_23_Len786_Cov45_E	Sr_st_Pinf_002999258Contig8220Len1005_OG5_127238	55.2	201	85	3	775	179	132	329	3.32e-62	202
Contig_23_Len786_Cov45_E	Op_me_amel_XP397306_OG5_127238	54.4	195	84	4	751	176	126	318	3.77e-61	199
Contig_23_Len786_Cov45_E	Op_me_tadh_estExtGenewise1Plus.C260056_OG5_127238	53.7	203	91	3	772	170	119	320	5.18e-61	198
Contig_23_Len786_Cov45_E	Sr_pe_Perk_002769043Contig7263Len1053_OG5_127238	49.8	201	97	3	772	179	143	342	2.56e-59	195
Contig_23_Len786_Cov45_E	EE_cr_Gthe_005826209Contig11246Len957_OG5_127238	53.9	193	86	3	751	176	124	314	3.00e-59	194
Contig_23_Len786_Cov45_E	Op_me_apis_XP001945887_OG5_127238	53.7	205	88	5	775	170	71	271	3.50e-59	192
Contig_23_Len786_Cov45_E	Sr_pe_Perk_002765303Contig7261Len1053_OG5_127238	49.8	201	97	3	772	179	143	342	5.09e-59	194
Contig_23_Len786_Cov45_E	Op_me_cint_ENSCINP00000005728_OG5_127238	50.5	194	94	2	754	176	132	324	1.57e-58	192
Contig_23_Len786_Cov45_E	Am_my_ddis_tal_OG5_127238	52.0	196	91	3	751	170	127	321	2.59e-58	191
Contig_23_Len786_Cov45_E	Sr_pe_Perk_002788602Contig7252Len1053_OG5_127238	49.3	201	98	3	772	179	143	342	4.02e-58	192
Contig_23_Len786_Cov45_E	Op_me_nvec_estExtGenewiseH1.C10518_OG5_127238	53.1	196	87	4	754	176	125	318	1.09e-57	190
Contig_23_Len786_Cov45_E	Ba_pb_bpse_YP332736.2_OG5_127238	51.3	195	89	3	751	182	120	313	1.84e-57	189
Contig_23_Len786_Cov45_E	Ba_pg_ftul_YP170072_OG5_127238	50.2	205	100	2	784	170	118	320	2.00e-57	189
Contig_23_Len786_Cov45_E	Ba_pb_bmal_YP103533_OG5_127238	50.8	195	90	3	751	182	120	313	5.17e-57	188
Contig_23_Len786_Cov45_E	Sr_ch_Vbra_Contig13255length1032_OG5_127238	52.6	196	90	3	751	170	144	338	5.24e-57	189
Contig_23_Len786_Cov45_E	Sr_st_Bhom_012895871Contig2563Len966_OG5_127238	51.0	192	92	2	754	182	126	316	7.93e-57	187
Contig_23_Len786_Cov45_E	Op_me_aaeg_AAEL009389-PAm_OG5_127238	51.0	204	95	4	775	170	132	332	1.59e-56	187
Contig_23_Len786_Cov45_E	Op_me_ggal_ENSGALP00000032101_OG5_127238	50.2	201	95	4	772	179	20	218	2.60e-56	183
Contig_23_Len786_Cov45_E	Op_me_dmel_FBpp0072050_OG5_127238	49.8	205	100	3	778	170	127	330	4.24e-56	186
Contig_23_Len786_Cov45_E	Ba_pg_sent_NP454617_OG5_127238	50.2	201	98	2	772	170	119	317	5.78e-56	185
Contig_24_Len785_Cov54_E	Sr_rh_Rfil_Contig12191length1041_OG5_130350	73.7	205	53	1	12	626	95	298	1.48e-104	309
Contig_24_Len785_Cov54_E	Sr_st_pram_fgenesh1pm.Cscaffold2000031_OG5_130350	63.8	213	75	2	12	650	299	509	4.61e-89	276
Contig_24_Len785_Cov54_E	Am_my_ddis_DDBG0276821_OG5_130350	63.4	213	77	1	12	650	297	508	6.33e-89	276
Contig_24_Len785_Cov54_E	Sr_st_Pinf_002999103Contig4132Len1608_OG5_130350	62.4	213	78	2	12	650	324	534	1.40e-87	273
Contig_24_Len785_Cov54_E	Op_ic_Cowc_004363459Contig5354Len1212_OG5_130350	63.4	213	76	2	12	650	192	402	6.52e-87	267
Contig_24_Len785_Cov54_E	Pl_gr_atha_NP175812_OG5_130350	62.6	214	78	2	12	653	297	508	4.33e-86	268
Contig_24_Len785_Cov54_E	Sr_ci_Pper_KRX07720Contig4986Len1539_OG5_130350	62.9	213	77	2	12	650	298	508	3.81e-85	266
Contig_24_Len785_Cov54_E	Sr_ci_Slem_CDW71261Contig8785Len1539_OG5_130350	61.0	213	81	2	12	650	300	510	8.46e-84	263
Contig_24_Len785_Cov54_E	Ex_he_Ngru_Contig4802length1623_OG5_130350	61.0	213	81	2	12	650	328	538	8.47e-84	263
Contig_24_Len785_Cov54_E	Sr_ci_Otri_EJY72318Contig11627Len1557_OG5_130350	59.6	213	84	2	12	650	306	516	8.67e-82	258
Contig_24_Len785_Cov54_E	Pl_gr_ppat_estExtfgenesh1kg.C2370002_OG5_130350	59.3	214	85	2	12	653	299	510	1.02e-81	257
Contig_24_Len785_Cov54_E	Sr_ci_Slem_CDW90834Contig8812Len1539_OG5_130350	59.6	213	84	2	12	650	300	510	1.05e-81	257
Contig_24_Len785_Cov54_E	Pl_gr_osat_NP001063281_OG5_130350	61.2	214	81	2	12	653	298	509	5.43e-81	255
Contig_24_Len785_Cov54_E	Op_ch_mbre_estExtfgenesh1pg.C180114_OG5_130350	58.9	214	86	2	12	653	321	532	1.37e-80	255
Contig_24_Len785_Cov54_E	Sr_ci_Otri_EJY81836Contig11691Len1548_OG5_130350	58.2	213	87	2	12	650	302	512	4.85e-80	253
Contig_24_Len785_Cov54_E	Op_me_drer_ENSDARP00000016103_OG5_130350	59.3	214	84	3	12	650	299	510	2.51e-79	251
Contig_24_Len785_Cov54_E	Op_me_mdom_ENSMODP00000001192_OG5_130350	60.3	214	82	3	12	650	306	517	5.95e-79	250
Contig_24_Len785_Cov54_E	Op_me_rnor_ENSRNOP00000020325_OG5_130350	60.3	214	82	3	12	650	327	538	1.40e-78	250
Contig_24_Len785_Cov54_E	Sr_ch_Vbra_Contig8214length1560_OG5_130350	56.9	218	90	3	12	659	303	518	1.31e-77	247
Contig_24_Len785_Cov54_E	Op_me_clup_ENSCAFP00000000826_OG5_130350	59.3	214	84	3	12	650	327	538	1.55e-77	247
Contig_24_Len785_Cov54_E	Sr_ci_tthe_102.m00106_OG5_130350	58.4	214	86	3	12	650	299	510	1.59e-77	246
Contig_24_Len785_Cov54_E	Op_me_ggal_ENSGALP00000013377_OG5_130350	59.3	214	84	3	12	650	323	534	1.98e-77	247
Contig_24_Len785_Cov54_E	Sr_ci_Ptet_001449373Contig10363Len1581_OG5_130350	57.7	213	88	2	12	650	305	515	2.54e-77	246
Contig_24_Len785_Cov54_E	Sr_ci_Ptet_001434663Contig11301Len1515_OG5_130350	58.2	213	87	2	12	650	292	502	2.59e-77	246
Contig_24_Len785_Cov54_E	Op_me_mmus_ENSMUSP00000112334_OG5_130350	58.9	214	85	3	12	650	327	538	6.09e-77	246
Contig_25_Len781_Cov5_E	Sr_rh_Rfil_Contig28830length540_OG5_136363	45.6	136	43	2	371	57	17	152	1.22e-28	110
Contig_25_Len781_Cov5_E	Sr_rh_Rfil_Contig29024length534_OG5_136363	43.9	107	48	1	380	60	82	176	1.69e-26	105
Contig_25_Len781_Cov5_E	Op_me_mmus_ENSMUSP00000026494_OG5_136363	35.6	104	62	2	365	63	46	147	5.93e-13	68.6
Contig_25_Len781_Cov5_E	Sr_ci_Scer_OMJ86129Contig9629Len1383_OG5_139563	54.3	46	21	0	200	63	321	366	2.14e-12	70.1
Contig_25_Len781_Cov5_E	Op_me_clup_ENSCAFP00000026008_OG5_136363	35.6	104	62	2	365	63	217	318	5.76e-12	68.6
Contig_25_Len781_Cov5_E	Op_me_mdom_ENSMODP00000003978_OG5_136363	35.6	104	62	2	365	63	219	320	5.83e-12	68.6
Contig_25_Len781_Cov5_E	Op_me_phum_PHUM451720_OG5_136363	51.1	47	23	0	203	63	69	115	5.86e-12	65.1
Contig_25_Len781_Cov5_E	Op_me_hsap_ENSP00000269439_OG5_136363	35.6	104	62	2	365	63	238	339	6.46e-12	68.6
Contig_25_Len781_Cov5_E	Op_me_ptro_ENSPTRP00000016993_OG5_136363	35.6	104	62	2	365	63	238	339	6.46e-12	68.6
Contig_25_Len781_Cov5_E	Op_me_rnor_ENSRNOP00000034208_OG5_136363	35.6	104	62	2	365	63	240	341	6.52e-12	68.6
Contig_25_Len781_Cov5_E	Op_me_ecab_XP001498671_OG5_136363	35.6	104	62	2	365	63	299	400	7.99e-12	68.6
Contig_25_Len781_Cov5_E	Op_me_mmul_XP001090387_OG5_136363	35.6	104	62	2	365	63	503	604	1.01e-11	68.6
Contig_25_Len781_Cov5_E	EE_cr_Gthe_005830041Contig24124Len219_OG5_136984	46.8	47	25	0	206	66	27	73	2.23e-11	62.0
Contig_25_Len781_Cov5_E	Op_me_oana_ENSOANP00000023355_OG5_136363	34.6	104	63	2	365	63	225	326	2.77e-11	66.6
Contig_25_Len781_Cov5_E	Op_me_tnig_ENSTNIP00000009231_OG5_136363	33.3	123	69	4	407	63	196	313	3.51e-11	66.2
Contig_25_Len781_Cov5_E	Op_me_drer_ENSDARP00000099798_OG5_136363	34.6	104	62	2	365	63	219	319	4.92e-11	65.9
Contig_25_Len781_Cov5_E	Op_me_tnig_ENSTNIP00000019794_OG5_136363	32.0	122	73	3	407	63	227	345	5.54e-11	65.9
Contig_25_Len781_Cov5_E	Op_me_trub_ENSTRUP00000040158_OG5_136363	32.0	122	73	3	407	63	229	347	5.59e-11	65.9
Contig_25_Len781_Cov5_E	Op_me_trub_ENSTRUP00000046210_OG5_136363	32.5	123	71	4	407	63	215	333	9.65e-11	65.1
Contig_25_Len781_Cov5_E	Pl_gr_rcom_29841.m002741_OG5_144950	44.9	49	27	0	200	54	361	409	1.64e-10	64.7
Contig_25_Len781_Cov5_E	Pl_gr_atha_NP178156_OG5_144950	40.4	52	31	0	209	54	352	403	2.15e-10	64.3
Contig_25_Len781_Cov5_E	Pl_gr_osat_NP001042194_OG5_144950	50.0	42	21	0	200	75	331	372	7.07e-10	62.8
Contig_25_Len781_Cov5_E	Pl_gr_atha_NP172962_OG5_144925	52.2	46	21	1	206	72	84	129	7.44e-10	60.1
Contig_25_Len781_Cov5_E	Sr_di_Smic_Contig9921length3090_OG5_137967	40.6	69	39	1	209	9	309	377	1.52e-09	62.0
Contig_25_Len781_Cov5_E	Op_me_trub_ENSTRUP00000003276_OG5_142860	46.8	47	25	0	200	60	78	124	1.17e-08	56.6
Contig_26_Len776_Cov6_E	Sr_rh_Rfil_Contig17699length825_OG5_135715	57.0	242	102	2	723	1	17	257	6.90e-92	275
Contig_26_Len776_Cov6_E	Sr_rh_Rfil_Contig17556length831_OG5_135715	49.4	253	125	3	753	1	9	260	1.37e-79	244
Contig_26_Len776_Cov6_E	Sr_di_Smic_Contig26242length1110_OG5_135715	41.8	244	138	3	732	7	31	272	2.94e-53	177
Contig_26_Len776_Cov6_E	Op_ic_Sarc_Contig7115length795_OG5_135715	40.9	247	139	5	726	1	6	250	8.06e-48	162
Contig_26_Len776_Cov6_E	Ba_fb_bant_YP018866_OG5_135715	38.6	236	133	7	723	19	3	227	3.20e-43	150
Contig_26_Len776_Cov6_E	Za_ec_mmar_NP987859_OG5_135715	31.7	240	155	6	723	7	3	234	1.90e-34	127
Contig_26_Len776_Cov6_E	Pl_gr_ppat_egw1.10012.1.1_OG5_135715	37.1	197	119	4	612	22	1	192	1.02e-33	124
Contig_26_Len776_Cov6_E	Ba_pd_cjej_YP002343545_OG5_135715	34.3	210	131	4	723	94	3	205	2.93e-32	121
Contig_26_Len776_Cov6_E	Ba_pg_ypes_YP002347705_OG5_135715	31.5	235	150	7	720	22	5	230	7.22e-29	112
Contig_26_Len776_Cov6_E	Ba_pg_yent_YP001005610.1_OG5_135715	32.3	235	148	7	720	22	5	230	5.62e-28	110
Contig_26_Len776_Cov6_E	Ba_pg_sent_NP457410_OG5_135715	31.4	239	153	7	723	13	3	232	6.03e-28	110
Contig_26_Len776_Cov6_E	Ba_pg_sfle_NP708629_OG5_135715	31.6	237	151	7	723	19	3	230	7.99e-27	107
Contig_26_Len776_Cov6_E	Ba_pa_atum_NP356564_OG5_135715	32.5	234	150	5	720	19	4	229	1.31e-26	107
Contig_26_Len776_Cov6_E	Ba_pg_ecol_AP003403_OG5_135715	31.2	237	152	7	723	19	3	230	1.66e-25	103
Contig_26_Len776_Cov6_E	Ba_pa_atum_NP357525_OG5_135715	29.2	236	157	6	723	19	3	229	1.81e-23	98.6
Contig_26_Len776_Cov6_E	Op_fu_cgla_XP445467_OG5_135715	30.2	235	146	7	720	34	3	225	5.11e-22	94.7
Contig_27_Len773_Cov11_E	Sr_rh_Rfil_Contig27433length567_OG5_127499	48.8	123	45	2	770	402	57	161	1.75e-28	110
Contig_27_Len773_Cov11_E	Sr_rh_Rfil_Contig28622length543_OG5_127499	46.6	118	49	1	770	417	57	160	1.62e-27	107
Contig_27_Len773_Cov11_E	Op_fu_ncra_NCU09436T0_OG5_127499	45.1	113	41	1	752	414	63	154	4.02e-23	98.6
Contig_27_Len773_Cov11_E	EE_ap_Ttra_Contig9835length474_OG5_127499	43.4	113	45	1	752	414	63	156	9.59e-22	92.0
Contig_27_Len773_Cov11_E	Op_fu_dhan_XP456774_OG5_127499	39.2	120	52	1	752	393	63	161	9.68e-22	94.7
Contig_27_Len773_Cov11_E	Op_fu_aory_AO090003000656_OG5_127499	40.0	125	42	2	770	414	57	154	1.00e-21	95.1
Contig_27_Len773_Cov11_E	Op_fu_psti_XP001385563_OG5_127499	38.7	119	52	1	752	396	63	160	1.06e-21	94.7
Contig_27_Len773_Cov11_E	Op_me_nvec_estExtGenewiseH1.C90063_OG5_127499	41.4	116	43	2	752	411	63	155	1.79e-21	91.3
Contig_27_Len773_Cov11_E	Op_fu_spom_NP588267_OG5_127499	43.2	118	48	3	752	405	63	163	1.81e-21	94.0
Contig_27_Len773_Cov11_E	Op_fu_gzea_FGST00435_OG5_127499	42.0	119	36	2	752	414	63	154	3.38e-21	93.6
Contig_27_Len773_Cov11_E	Op_fu_afum_Afu3g11030_OG5_127499	42.5	113	44	1	752	414	63	154	4.93e-21	93.2
Contig_27_Len773_Cov11_E	Op_me_oana_ENSOANP00000022758_OG5_127499	41.4	116	47	1	752	405	63	157	5.39e-21	91.3
Contig_27_Len773_Cov11_E	Op_me_mdom_ENSMODP00000015155_OG5_127499	40.9	115	47	1	752	408	63	156	7.69e-21	90.9
Contig_27_Len773_Cov11_E	Op_fu_calb_calbsc5314orf19.3715_OG5_127499	39.2	120	51	2	752	393	63	160	9.95e-21	91.7
Contig_27_Len773_Cov11_E	Op_fu_calb_CAWT02081_OG5_127499	39.2	120	51	2	752	393	63	160	9.95e-21	91.7
Contig_27_Len773_Cov11_E	Op_fu_scer_scers288cYJL115W_OG5_127499	39.3	117	50	1	752	402	63	158	1.74e-20	91.7
Contig_27_Len773_Cov11_E	Op_fu_cpos_CPAG09414_OG5_127499	41.2	119	37	2	752	414	63	154	2.15e-20	91.3
Contig_27_Len773_Cov11_E	Op_fu_cimm_CIMG03794T0_OG5_127499	41.2	119	37	2	752	414	63	154	2.15e-20	91.3
Contig_27_Len773_Cov11_E	Op_me_aaeg_AAEL012830-PAm_OG5_127499	38.9	126	52	2	770	399	57	159	2.25e-20	90.1
Contig_27_Len773_Cov11_E	Op_fu_anid_AN4891_OG5_127499	40.8	125	40	3	752	396	63	159	2.42e-20	91.3
Contig_27_Len773_Cov11_E	Op_me_clup_ENSCAFP00000024252_OG5_127499	39.7	116	49	1	752	405	63	157	2.86e-20	89.4
Contig_27_Len773_Cov11_E	Op_fu_cgla_XP449010_OG5_127499	39.3	117	50	1	752	402	63	158	3.58e-20	91.3
Contig_27_Len773_Cov11_E	Op_me_cpip_CPIJ018408_OG5_127499	37.7	130	56	2	770	387	57	163	3.75e-20	89.7
Contig_27_Len773_Cov11_E	Op_me_cpip_CPIJ007417_OG5_127499	37.7	130	56	2	770	387	57	163	3.82e-20	89.7
Contig_27_Len773_Cov11_E	Op_fu_ylip_XP499649_OG5_127499	40.2	117	41	2	752	414	63	154	9.87e-20	89.4
Contig_28_Len772_Cov14_E	Sr_ci_Pper_KRX05182Contig3462Len1980_OG5_126588	41.9	191	105	3	18	590	475	659	3.67e-34	133
Contig_28_Len772_Cov14_E	Sr_pe_Perk_002780415Contig2257Len1968_OG5_126588	47.6	191	94	3	18	590	471	655	9.25e-34	132
Contig_28_Len772_Cov14_E	Sr_pe_Perk_002788184Contig2347Len1938_OG5_126588	41.9	191	96	3	18	590	470	645	2.28e-33	131
Contig_28_Len772_Cov14_E	Sr_pe_Perk_002780414Contig2313Len1950_OG5_126588	49.0	151	76	1	18	470	471	620	5.94e-33	130
Contig_28_Len772_Cov14_E	Op_me_nvec_estExtGenewiseH1.C1440015_OG5_126588	46.7	197	98	4	6	590	464	655	8.30e-33	129
Contig_28_Len772_Cov14_E	Op_fu_spom_NP588421_OG5_126588	47.6	191	92	2	18	590	465	647	3.86e-32	127
Contig_28_Len772_Cov14_E	Sr_di_Smic_Contig11379length2766_OG5_126588	48.4	159	75	3	18	494	669	820	2.43e-31	125
Contig_28_Len772_Cov14_E	Sr_pe_Perk_002780413Contig2352Len1938_OG5_126588	47.3	150	78	1	18	467	470	618	2.50e-31	125
Contig_28_Len772_Cov14_E	Sr_di_Smic_Contig1464length8088_OG5_126588	48.4	159	75	3	18	494	1501	1652	2.79e-31	125
Contig_28_Len772_Cov14_E	Sr_pe_Perk_002788183Contig2310Len1950_OG5_126588	47.7	151	78	1	18	470	471	620	3.46e-31	125
Contig_28_Len772_Cov14_E	Am_di_Acas_Contig2607length2001_OG5_126588	46.7	199	94	3	18	590	470	664	3.61e-31	125
Contig_28_Len772_Cov14_E	Op_me_bmaa_14977.m04983_OG5_126588	46.4	153	81	1	18	476	501	652	3.75e-31	125
Contig_28_Len772_Cov14_E	Sr_ci_Otri_EJY73166Contig8692Len1947_OG5_126588	46.0	161	84	2	18	500	468	625	4.71e-31	124
Contig_28_Len772_Cov14_E	Op_fu_calb_calbsc5314orf19.4980_OG5_126588	46.8	154	81	1	18	479	466	618	4.82e-31	124
Contig_28_Len772_Cov14_E	EE_ha_Ehux_005784200Contig3521Len1974_OG5_126588	46.5	159	82	2	18	488	486	643	4.83e-31	124
Contig_28_Len772_Cov14_E	Sr_ci_tthe_7.m00462_OG5_126588	46.4	153	81	1	18	476	473	624	6.51e-31	124
Contig_28_Len772_Cov14_E	Op_ch_mbre_estExtfgenesh2pg.C30004_OG5_126588	41.9	191	102	2	18	590	464	645	8.70e-31	124
Contig_28_Len772_Cov14_E	Op_ch_mbre_estExtfgenesh2pm.C200005_OG5_126588	45.5	191	95	2	18	590	464	645	1.62e-30	123
Contig_28_Len772_Cov14_E	Pl_gr_rcom_29585.m000574_OG5_126588	41.4	191	98	2	18	590	473	649	2.24e-30	122
Contig_28_Len772_Cov14_E	Op_me_phum_PHUM490960_OG5_126588	45.4	163	86	3	6	488	485	646	2.28e-30	122
Contig_28_Len772_Cov14_E	Sr_st_pram_gwEuk.35.170.1_OG5_126588	41.5	188	103	2	27	590	216	396	2.81e-30	120
Contig_28_Len772_Cov14_E	Op_me_drer_ENSDARP00000043742_OG5_126588	46.3	164	84	3	6	494	462	622	3.04e-30	122
Contig_28_Len772_Cov14_E	Op_fu_spom_NP593704_OG5_126588	48.4	153	77	2	18	476	465	615	4.11e-30	122
Contig_28_Len772_Cov14_E	Pl_gr_osat_NP001051724_OG5_126588	41.4	191	97	3	18	590	474	649	4.17e-30	122
Contig_28_Len772_Cov14_E	Sr_ci_Slem_CDW81923Contig6207Len1962_OG5_126588	45.1	153	83	1	18	476	468	619	4.21e-30	122
Contig_29_Len770_Cov21_E	Sr_rh_Rfil_Contig15825length888_OG5_127106	77.2	193	32	2	25	603	114	294	3.88e-93	279
Contig_29_Len770_Cov21_E	Sr_ci_Ptet_001425910Contig21918Len939_OG5_127106	73.6	193	49	2	25	603	121	311	3.59e-90	272
Contig_29_Len770_Cov21_E	Pl_gr_vcar_XP002957241_OG5_127106	73.1	193	49	2	25	603	138	327	2.40e-89	271
Contig_29_Len770_Cov21_E	Sr_pe_Perk_002779820Contig7798Len1002_OG5_127106	71.2	191	54	1	25	597	138	327	2.82e-89	271
Contig_29_Len770_Cov21_E	Sr_pe_Perk_002772148Contig7843Len999_OG5_127106	70.7	191	55	1	25	597	137	326	5.48e-89	270
Contig_29_Len770_Cov21_E	Sr_ci_Ptet_001452638Contig21964Len939_OG5_127106	72.0	193	52	2	25	603	121	311	1.17e-88	268
Contig_29_Len770_Cov21_E	Sr_pe_Perk_002781462Contig7786Len1005_OG5_127106	70.7	191	55	1	25	597	139	328	1.66e-88	269
Contig_29_Len770_Cov21_E	Sr_ci_Ptet_001442597Contig20321Len1014_OG5_127106	72.0	193	52	2	25	603	134	324	1.77e-88	268
Contig_29_Len770_Cov21_E	Op_me_isca_EEC11198_OG5_127106	69.7	198	58	2	13	603	20	216	4.85e-88	263
Contig_29_Len770_Cov21_E	Sr_ci_Scer_OMJ75276Contig17184Len915_OG5_127106	71.0	193	53	2	25	603	114	303	2.09e-87	265
Contig_29_Len770_Cov21_E	Sr_ch_Vbra_Contig13345length1023_OG5_127106	70.2	198	57	2	13	606	145	340	3.24e-87	266
Contig_29_Len770_Cov21_E	Sr_ap_tgon_TGME49090600_OG5_127106	69.2	198	59	2	13	606	138	333	3.69e-87	265
Contig_29_Len770_Cov21_E	Sr_ci_Scer_OMJ67580Contig17156Len915_OG5_127106	71.0	193	53	2	25	603	114	303	4.20e-87	264
Contig_29_Len770_Cov21_E	Sr_ci_tthe_4.m00602_OG5_127106	72.0	189	51	2	25	591	120	306	7.20e-87	264
Contig_29_Len770_Cov21_E	Pl_gr_ppat_estExtGenewise1.C580043_OG5_127106	69.9	193	55	2	25	603	134	323	1.12e-86	264
Contig_29_Len770_Cov21_E	Pl_gr_crei_196570_OG5_127106	73.5	181	46	1	61	603	150	328	1.86e-86	263
Contig_29_Len770_Cov21_E	EE_ap_Ttra_Contig7484length969_OG5_127106	69.5	197	57	2	13	603	128	321	2.11e-86	263
Contig_29_Len770_Cov21_E	Sr_ci_Imul_004029838Contig4122Len936_OG5_127106	69.9	193	56	2	25	603	120	310	2.12e-86	263
Contig_29_Len770_Cov21_E	Sr_ci_Pper_KRX07276Contig4449Len1671_OG5_127106	71.5	179	50	1	64	600	133	310	2.70e-86	263
Contig_29_Len770_Cov21_E	Am_my_ddis_scsAm_OG5_127106	68.7	195	58	2	13	597	121	312	4.82e-86	262
Contig_29_Len770_Cov21_E	Pl_gr_ppat_estExtGenewise1.C790165_OG5_127106	68.9	193	57	2	25	603	134	323	6.39e-86	262
Contig_29_Len770_Cov21_E	Sr_st_Ptri_002180696Contig6683Len930_OG5_127106	70.8	192	54	2	13	588	106	295	2.28e-85	260
Contig_29_Len770_Cov21_E	Pl_gr_osat_NP001060091_OG5_127106	67.9	193	59	2	25	603	140	329	3.20e-85	260
Contig_29_Len770_Cov21_E	Op_ch_mbre_egw1.7.181.1_OG5_127106	68.7	198	57	3	13	603	121	314	5.52e-85	259
Contig_29_Len770_Cov21_E	Pl_gr_atha_NP197716_OG5_127106	69.9	193	55	2	25	603	150	339	2.48e-84	258
Contig_30_Len769_Cov29_E	Sr_rh_Rfil_Contig15082length918_OG5_126631	60.6	216	57	3	10	582	85	297	1.55e-78	242
Contig_30_Len769_Cov29_E	Sr_rh_Rfil_Contig6367length1422_OG5_126631	62.4	189	62	3	10	558	278	463	7.84e-70	225
Contig_30_Len769_Cov29_E	Sr_rh_Rfil_Contig25458length612_OG5_126631	52.8	176	73	3	25	552	25	190	1.63e-52	172
Contig_30_Len769_Cov29_E	Op_ch_mbre_estExtfgenesh1pg.C90087_OG5_126631	44.4	196	91	3	10	582	239	421	3.60e-46	162
Contig_30_Len769_Cov29_E	Sr_pe_Perk_002764776Contig12316Len675_OG5_126631	41.0	200	100	3	10	594	36	222	3.94e-44	152
Contig_30_Len769_Cov29_E	Sr_pe_Perk_002767119Contig4424Len1416_OG5_126631	43.0	200	96	3	10	594	283	469	1.86e-43	156
Contig_30_Len769_Cov29_E	Sr_pe_Perk_002786917Contig4421Len1416_OG5_126631	43.0	200	96	3	10	594	283	469	1.86e-43	156
Contig_30_Len769_Cov29_E	Pl_gr_vcar_XP002948033_OG5_126631	43.2	199	95	3	10	591	278	463	2.27e-43	156
Contig_30_Len769_Cov29_E	Sr_pe_Perk_002781906Contig4407Len1416_OG5_126631	43.0	200	96	3	10	594	283	469	2.60e-43	156
Contig_30_Len769_Cov29_E	Sr_pe_Perk_002783908Contig5709Len1230_OG5_126631	42.7	199	96	3	10	591	221	406	3.20e-43	154
Contig_30_Len769_Cov29_E	Sr_pe_Perk_002767118Contig4423Len1416_OG5_126631	43.0	200	96	3	10	594	283	469	3.63e-43	155
Contig_30_Len769_Cov29_E	Pl_gr_vcar_XP002945791_OG5_126631	42.7	199	96	3	10	591	278	463	6.18e-43	155
Contig_30_Len769_Cov29_E	Sr_pe_Perk_002788268Contig4475Len1407_OG5_126631	42.7	199	96	3	10	591	280	465	6.73e-43	155
Contig_30_Len769_Cov29_E	Op_ic_Sarc_Contig3481length1389_OG5_126631	43.4	196	93	3	10	582	277	459	1.19e-42	154
Contig_30_Len769_Cov29_E	Sr_pe_Perk_002764983Contig4409Len1416_OG5_126631	42.7	199	96	3	10	591	283	468	1.38e-42	154
Contig_30_Len769_Cov29_E	Sr_rh_Rfil_Contig31274length489_OG5_126631	65.3	118	37	2	10	360	49	163	3.29e-42	145
Contig_30_Len769_Cov29_E	Sr_pe_Perk_002764405Contig4431Len1413_OG5_126631	42.2	199	97	3	10	591	282	467	3.69e-42	153
Contig_30_Len769_Cov29_E	Sr_pe_Perk_002779342Contig4448Len1413_OG5_126631	42.2	199	97	3	10	591	282	467	3.69e-42	153
Contig_30_Len769_Cov29_E	Pl_gr_crei_132905_OG5_126631	42.2	199	97	3	10	591	278	463	6.40e-42	152
Contig_30_Len769_Cov29_E	Sr_pe_Perk_002768583Contig5715Len1230_OG5_126631	41.2	199	99	3	10	591	221	406	9.29e-42	150
Contig_30_Len769_Cov29_E	Sr_pe_Perk_002772830Contig4446Len1413_OG5_126631	41.0	200	100	3	10	594	282	468	1.00e-41	152
Contig_30_Len769_Cov29_E	Sr_pe_Perk_002779343Contig4449Len1413_OG5_126631	41.0	200	100	3	10	594	282	468	1.00e-41	152
Contig_30_Len769_Cov29_E	Sr_pe_Perk_002772828Contig4445Len1413_OG5_126631	41.2	199	99	3	10	591	282	467	2.72e-41	150
Contig_30_Len769_Cov29_E	EE_ha_Ehux_005787888Contig7357Len1434_OG5_126631	40.2	199	101	3	10	591	280	465	2.23e-40	148
Contig_30_Len769_Cov29_E	EE_cr_Gthe_005841947Contig6372Len1419_OG5_126631	40.8	201	100	4	10	594	278	465	7.79e-40	147
Contig_10_Len845_Cov42_P	Sr_rh_Rfil_Contig11398length1080_OG5_130793	48.1	160	77	1	30	509	89	242	9.97e-46	159
Contig_10_Len845_Cov42_P	Sr_rh_Rfil_Contig17731length825_OG5_130793	47.1	155	69	3	36	497	85	227	2.56e-40	144
Contig_10_Len845_Cov42_P	Op_me_nvec_fgenesh1pm.scaffold353000002_OG5_130793	40.8	169	75	3	27	527	41	186	2.97e-34	127
Contig_10_Len845_Cov42_P	Ba_fb_bant_YP021368_OG5_130793	41.3	155	83	2	27	491	42	188	2.98e-34	127
Contig_10_Len845_Cov42_P	Op_fu_ncra_NCU06603T0_OG5_130793	44.2	156	77	4	30	485	44	193	3.34e-32	122
Contig_10_Len845_Cov42_P	Ba_pg_ftul_YP169952_OG5_130793	37.1	159	86	3	30	497	37	184	1.82e-29	114
Contig_10_Len845_Cov42_P	Op_fu_pchr_egww2.2.804.1_OG5_130793	38.9	157	88	2	27	494	40	189	2.16e-29	114
Contig_10_Len845_Cov42_P	Ba_pa_atum_NP356366_OG5_130793	41.6	149	73	3	30	470	49	185	6.39e-29	113
Contig_10_Len845_Cov42_P	Am_my_ddis_DDBG0280019_OG5_130793	41.0	166	75	4	27	503	40	189	3.89e-27	108
Contig_10_Len845_Cov42_P	Op_fu_anid_AN6796_OG5_130793	38.6	158	92	2	24	494	40	193	1.22e-25	105
Contig_10_Len845_Cov42_P	Sr_st_tpse_fgenesh1pg.Cchr7000362_OG5_130793	36.7	158	92	2	27	497	59	209	2.91e-24	101
Contig_10_Len845_Cov42_P	Ba_pb_bmal_YP106014_OG5_130793	32.9	155	98	1	27	491	40	188	2.89e-21	93.2
Contig_10_Len845_Cov42_P	Ba_pb_bpse_YP337446.1_OG5_130793	32.9	155	98	1	27	491	40	188	2.89e-21	93.2
Contig_10_Len845_Cov42_P	Ba_pa_bsui_NP699425_OG5_130793	42.6	101	58	0	174	476	85	185	3.47e-21	93.2
Contig_10_Len845_Cov42_P	Op_fu_ylip_XP502116_OG5_130793	38.1	113	70	0	108	446	68	180	1.01e-19	89.4
Contig_10_Len845_Cov42_P	Op_ic_Sarc_Contig8323length663_OG5_130793	40.8	103	55	1	183	491	88	184	1.86e-19	88.2
Contig_10_Len845_Cov42_P	Sr_st_Ptri_002176695Contig8279Len675_OG5_130793	37.0	146	84	2	39	473	43	181	2.01e-19	88.2
Contig_10_Len845_Cov42_P	Op_fu_cgla_XP445193_OG5_130793	31.0	168	94	4	27	497	44	200	1.81e-18	85.9
Contig_10_Len845_Cov42_P	Op_fu_scer_scers288cYDR533C_OG5_130793	30.9	162	102	3	27	497	44	200	9.38e-18	84.0
Contig_10_Len845_Cov42_P	Op_fu_calb_calbsc5314orf19.251_OG5_130793	33.3	141	88	2	27	446	42	177	1.27e-17	83.6
Contig_10_Len845_Cov42_P	Op_fu_cpos_CPAG09428_OG5_130793	44.4	81	45	0	204	446	101	181	3.03e-17	82.4
Contig_10_Len845_Cov42_P	Pl_gr_crei_140948_OG5_132234	36.2	130	72	4	39	419	36	157	3.56e-17	82.0
Contig_10_Len845_Cov42_P	Op_fu_cimm_CIMG03805T0_OG5_130793	44.4	81	45	0	204	446	101	181	3.81e-17	82.4
Contig_10_Len845_Cov42_P	Op_fu_dhan_XP461604_OG5_130793	32.4	142	87	3	30	446	43	178	2.35e-16	80.1
Contig_10_Len845_Cov42_P	Op_fu_dhan_XP459488_OG5_130793	33.0	109	68	2	186	497	93	201	1.08e-13	72.8
Contig_15_Len822_Cov13_P	Pl_gr_otau_egw1.12.00.259.1_OG5_127417	55.3	226	96	4	796	122	27	248	2.37e-80	246
Contig_15_Len822_Cov13_P	Op_me_cele_WBGene00013241_OG5_127417	52.5	217	100	3	796	146	66	279	1.95e-74	232
Contig_15_Len822_Cov13_P	Sr_rh_Rfil_Contig12234length1038_OG5_127417	66.9	181	52	3	748	221	9	186	2.41e-74	233
Contig_15_Len822_Cov13_P	Pl_gr_micr_ACO64054_OG5_127417	54.5	220	95	4	796	140	25	240	3.03e-74	230
Contig_15_Len822_Cov13_P	Op_me_cbri_WBGene00042492_OG5_127417	51.8	218	102	3	796	143	78	292	3.22e-73	229
Contig_15_Len822_Cov13_P	Ba_fc_cper_YP694720_OG5_127417	50.7	227	106	4	811	134	3	224	5.89e-73	226
Contig_15_Len822_Cov13_P	Op_me_cint_ENSCINP00000005651_OG5_127417	52.8	218	100	3	796	146	17	232	1.87e-71	223
Contig_15_Len822_Cov13_P	Op_me_clup_ENSCAFP00000016407_OG5_127417	50.7	217	103	3	796	146	82	294	1.29e-70	223
Contig_15_Len822_Cov13_P	Op_me_bmaa_14979.m04620_OG5_127417	49.5	222	108	4	811	146	67	284	2.70e-70	221
Contig_15_Len822_Cov13_P	Op_me_cbri_WBGene00034107_OG5_127417	51.8	218	102	3	796	143	433	647	2.86e-70	231
Contig_15_Len822_Cov13_P	Op_me_ecab_XP001916556_OG5_127417	50.2	217	104	3	796	146	98	310	2.96e-70	222
Contig_15_Len822_Cov13_P	Op_me_hsap_ENSP00000242576_OG5_127417	50.2	217	104	3	796	146	98	310	4.18e-70	222
Contig_15_Len822_Cov13_P	Op_me_ptro_ENSPTRP00000009190_OG5_127417	50.2	217	104	3	796	146	98	310	4.18e-70	222
Contig_15_Len822_Cov13_P	Op_me_phum_PHUM003120_OG5_127417	50.2	225	107	4	817	146	63	283	5.25e-70	221
Contig_15_Len822_Cov13_P	Ba_pd_wsuc_NP906791_OG5_127417	49.5	220	106	4	796	137	15	229	7.33e-70	218
Contig_15_Len822_Cov13_P	Op_me_mdom_ENSMODP00000024145_OG5_127417	50.7	225	106	4	817	146	87	307	7.65e-70	221
Contig_15_Len822_Cov13_P	Op_me_mmul_XP001104341_OG5_127417	50.2	217	104	3	796	146	98	310	8.37e-70	221
Contig_15_Len822_Cov13_P	Ba_fb_bant_YP022324_OG5_127417	52.7	222	98	5	796	134	9	224	8.84e-70	218
Contig_15_Len822_Cov13_P	Ba_pd_cjej_YP002343546_OG5_127417	48.9	219	107	4	796	140	17	230	2.15e-69	217
Contig_15_Len822_Cov13_P	Pl_gr_rcom_29725.m000234_OG5_127417	50.2	223	104	3	796	140	89	308	5.52e-69	219
Contig_15_Len822_Cov13_P	Pl_gr_osat_NP001054232_OG5_127417	56.1	196	83	2	796	209	88	280	1.48e-68	220
Contig_15_Len822_Cov13_P	Ba_fb_lmon_NP463920_OG5_127417	48.4	219	108	3	796	140	5	218	1.79e-68	214
Contig_15_Len822_Cov13_P	Op_me_tnig_ENSTNIP00000018961_OG5_127417	51.8	218	99	4	796	146	84	296	2.50e-68	217
Contig_15_Len822_Cov13_P	Ba_pg_cbur_NP819995_OG5_127417	47.8	224	113	3	811	140	5	224	4.62e-68	214
Contig_15_Len822_Cov13_P	EE_cr_Gthe_005837120Contig15934Len666_OG5_127417	48.4	219	111	2	796	140	5	221	7.18e-68	213
Contig_17_Len817_Cov5_P	Sr_rh_Rfil_Contig19223length774_OG5_128254	50.4	121	60	0	715	353	21	141	1.70e-35	131
Contig_17_Len817_Cov5_P	Op_fu_anid_AN9124_OG5_128289	36.3	102	63	1	670	365	2	101	6.78e-12	69.3
Contig_17_Len817_Cov5_P	Op_fu_egos_ACR005W_OG5_128476	35.3	102	64	1	682	377	86	185	3.24e-11	66.6
Contig_17_Len817_Cov5_P	Op_fu_pchr_fgenesh1pg.Cscaffold2000302_OG5_128289	37.0	100	61	1	670	371	3	100	4.30e-10	63.9
Contig_8_Len902_Cov48_U	Sr_rh_Rfil_Contig36918length360_OG5_129971	58.6	87	35	1	30	290	34	119	8.72e-27	105
Contig_8_Len902_Cov48_U	Ba_pa_wend_YP001975515_OG5_129971	54.4	90	41	0	21	290	394	483	7.86e-20	93.2
Contig_8_Len902_Cov48_U	Ba_pd_cjej_YP002344086_OG5_129971	44.8	96	53	0	3	290	344	439	5.51e-19	90.5
Contig_8_Len902_Cov48_U	Ba_pg_cbur_NP820987_OG5_129971	43.8	96	54	0	3	290	370	465	8.43e-19	90.1
Contig_8_Len902_Cov48_U	Ba_aq_aaeo_NP213134_OG5_129971	47.3	93	49	0	12	290	358	450	1.07e-18	89.7
Contig_8_Len902_Cov48_U	Ba_pa_atum_NP353084_OG5_129971	48.9	90	46	0	21	290	346	435	1.36e-18	89.4
Contig_8_Len902_Cov48_U	Ex_eu_tcon_TcIL3000.5.1430_OG5_129971	48.8	86	44	0	33	290	390	475	1.61e-18	89.4
Contig_8_Len902_Cov48_U	Ex_eu_tcon_TcIL3000.0.05260_OG5_129971	48.8	86	44	0	33	290	391	476	1.61e-18	89.4
Contig_8_Len902_Cov48_U	Ba_pa_bsui_NP699054_OG5_129971	46.7	90	48	0	21	290	345	434	4.60e-18	87.8
Contig_8_Len902_Cov48_U	Ba_th_tmar_NP228332_OG5_129971	47.3	93	49	0	12	290	371	463	5.20e-18	87.8
Contig_8_Len902_Cov48_U	Ex_eu_tbru_Tb427.05.1520_OG5_129971	42.7	96	55	0	3	290	380	475	5.42e-18	87.8
Contig_8_Len902_Cov48_U	Ex_eu_tbrg_Tbg972.5.2080_OG5_129971	42.7	96	55	0	3	290	380	475	5.42e-18	87.8
Contig_8_Len902_Cov48_U	Ex_eu_lmaj_LmjF.15.0090_OG5_129971	43.8	96	54	0	3	290	328	423	8.02e-18	87.0
Contig_8_Len902_Cov48_U	Ex_eu_linf_LinJ.15.0090_OG5_129971	43.8	96	54	0	3	290	328	423	8.02e-18	87.0
Contig_8_Len902_Cov48_U	Ex_eu_lmex_LmxM.15.0090_OG5_129971	43.8	96	54	0	3	290	328	423	8.02e-18	87.0
Contig_8_Len902_Cov48_U	Ex_eu_lbra_LbrM.15.0090_OG5_129971	42.7	96	55	0	3	290	361	456	1.71e-17	86.3
Contig_8_Len902_Cov48_U	Ba_pb_rsol_NP518163_OG5_129971	39.8	93	56	0	12	290	351	443	4.04e-17	85.1
Contig_8_Len902_Cov48_U	Sr_ci_Scer_OMJ73895Contig10066Len1353_OG5_129971	50.0	86	42	1	33	290	366	450	4.15e-17	85.1
Contig_8_Len902_Cov48_U	Ex_eu_tcru_Tc00.1047053506739.50_OG5_129971	45.3	86	47	0	33	290	389	474	4.49e-17	85.1
Contig_8_Len902_Cov48_U	Ex_eu_tcon_TcIL3000.11.12860_OG5_142649	48.8	86	44	0	33	290	410	495	6.40e-17	84.7
Contig_8_Len902_Cov48_U	Ex_eu_tviv_TvY4861113190_OG5_142649	48.8	86	44	0	33	290	412	497	6.43e-17	84.7
Contig_8_Len902_Cov48_U	Ba_pg_ecol_AP003878_OG5_129971	46.2	93	50	0	12	290	351	443	7.41e-17	84.3
Contig_8_Len902_Cov48_U	Ba_pg_sfle_NP709735_OG5_129971	46.2	93	50	0	12	290	351	443	7.41e-17	84.3
Contig_8_Len902_Cov48_U	Ba_pg_sent_NP457961_OG5_129971	46.2	93	50	0	12	290	351	443	7.41e-17	84.3
Contig_8_Len902_Cov48_U	Ba_pg_vcho_NP232302_OG5_129971	40.6	96	57	0	3	290	348	443	7.41e-17	84.3
Contig_19_Len799_Cov54_U	Sr_ci_Imul_004035776Contig3555Len1056_OG5_127410	47.3	243	122	3	3	731	115	351	1.51e-71	226
Contig_19_Len799_Cov54_U	Sr_ci_tthe_2.m02347_OG5_127410	48.6	243	118	3	3	731	114	349	1.61e-70	224
Contig_19_Len799_Cov54_U	Sr_ci_Pper_KRX02852Contig7678Len1044_OG5_127410	48.1	243	120	3	3	731	111	347	3.03e-70	223
Contig_19_Len799_Cov54_U	Sr_ci_Otri_EJY67947Contig16601Len1059_OG5_127410	47.5	244	121	3	3	731	115	352	7.87e-69	219
Contig_19_Len799_Cov54_U	Ba_ac_mtub_NP215756_OG5_127410	47.5	240	122	2	3	722	90	325	1.83e-67	215
Contig_19_Len799_Cov54_U	Sr_ci_Ptet_001425443Contig18764Len1083_OG5_127410	47.3	245	118	3	3	731	124	359	4.82e-66	213
Contig_19_Len799_Cov54_U	Sr_ci_Ptet_001451278Contig19153Len1068_OG5_127410	47.3	245	118	3	3	731	120	355	6.10e-66	212
Contig_19_Len799_Cov54_U	Sr_ch_Vbra_Contig12544length1095_OG5_127410	45.7	243	125	4	3	728	128	364	1.10e-65	212
Contig_19_Len799_Cov54_U	Sr_ci_Ptet_001424905Contig19311Len1059_OG5_127410	47.3	245	118	3	3	731	117	352	1.58e-65	211
Contig_19_Len799_Cov54_U	Sr_ci_Slem_CDW81236Contig3505Len2652_OG5_127410	46.7	244	123	3	3	731	114	351	2.12e-65	214
Contig_19_Len799_Cov54_U	Ex_he_Ngru_Contig9593length987_OG5_127410	46.3	244	124	4	3	731	91	328	2.55e-64	207
Contig_19_Len799_Cov54_U	Sr_ci_Scer_OMJ92767Contig15077Len1026_OG5_127410	45.5	246	125	4	3	731	101	340	2.60e-64	207
Contig_19_Len799_Cov54_U	Sr_ci_Scer_OMJ83471Contig15068Len1026_OG5_127410	45.5	246	125	5	3	731	101	340	3.68e-64	207
Contig_19_Len799_Cov54_U	Ba_ac_mlep_YP002503429_OG5_127410	45.8	240	126	2	3	722	90	325	1.05e-63	206
Contig_19_Len799_Cov54_U	Ex_he_Ngru_Contig6949length1293_OG5_127410	45.4	240	122	5	6	719	172	404	3.00e-62	205
Contig_19_Len799_Cov54_U	Sr_ci_Scer_OMJ91963Contig15084Len1026_OG5_127410	44.9	247	125	5	3	731	101	340	9.23e-62	201
Contig_19_Len799_Cov54_U	Ba_de_drad_NP294048_OG5_127410	43.3	238	130	2	9	722	93	325	1.36e-61	200
Contig_19_Len799_Cov54_U	Am_my_ddis_mdhB_OG5_127410	45.7	243	126	4	3	728	109	346	6.10e-61	199
Contig_19_Len799_Cov54_U	Sr_ci_tthe_20.m00258_OG5_127410	44.4	241	129	2	3	713	105	344	7.37e-61	199
Contig_19_Len799_Cov54_U	Am_my_ddis_mdhAm_OG5_127410	43.0	244	134	2	9	728	148	390	1.08e-59	197
Contig_19_Len799_Cov54_U	EE_cr_Gthe_005830400Contig10674Len999_OG5_127410	43.2	234	128	3	9	707	92	321	4.79e-59	194
Contig_19_Len799_Cov54_U	Ba_pb_rsol_NP520119_OG5_127410	42.4	243	133	4	3	728	91	327	1.80e-58	192
Contig_19_Len799_Cov54_U	Am_di_Acas_Contig8311length921_OG5_127410	41.0	244	139	2	9	728	63	305	7.76e-58	190
Contig_19_Len799_Cov54_U	Sr_ci_tthe_3.m01638_OG5_127410	42.3	234	129	3	9	707	138	366	1.15e-57	191
Contig_19_Len799_Cov54_U	Sr_rh_Rfil_Contig33977length429_OG5_127410	61.7	141	52	1	309	731	1	139	2.52e-57	183
