Contig_1_Len4637_Cov31_E	Op_me_hsap_ENSP00000329748_OG5_127123	43.8	560	263	17	4600	2987	19	548	2.30e-118	387
Contig_1_Len4637_Cov31_E	Op_me_ptro_ENSPTRP00000008242_OG5_127123	43.8	560	263	17	4600	2987	19	548	3.17e-118	387
Contig_1_Len4637_Cov31_E	Op_me_mmul_XP001087185_OG5_127123	43.6	560	264	17	4600	2987	19	548	4.38e-118	387
Contig_1_Len4637_Cov31_E	Op_me_ecab_XP001503315_OG5_127123	43.8	555	270	16	4600	2987	19	548	8.36e-118	386
Contig_1_Len4637_Cov31_E	Op_me_clup_ENSCAFP00000015334_OG5_127123	43.5	556	271	16	4600	2987	32	562	1.76e-117	385
Contig_1_Len4637_Cov31_E	Op_me_ggal_ENSGALP00000011352_OG5_127123	43.3	559	272	15	4579	2987	20	561	1.47e-116	382
Contig_1_Len4637_Cov31_E	Op_me_mmus_ENSMUSP00000067774_OG5_127123	43.2	560	266	17	4600	2987	32	561	2.25e-116	382
Contig_1_Len4637_Cov31_E	Op_me_rnor_ENSRNOP00000037093_OG5_127123	43.2	560	266	17	4600	2987	32	561	2.25e-116	382
Contig_1_Len4637_Cov31_E	Op_me_mmus_ENSMUSP00000024805_OG5_127123	43.3	566	263	16	4579	2987	25	567	2.62e-116	383
Contig_1_Len4637_Cov31_E	Op_me_rnor_ENSRNOP00000000629_OG5_127123	43.3	566	263	16	4579	2987	25	567	2.62e-116	383
Contig_1_Len4637_Cov31_E	Op_me_trub_ENSTRUP00000018533_OG5_127123	43.2	577	264	18	4600	2987	13	564	6.45e-116	381
Contig_1_Len4637_Cov31_E	Op_me_hsap_ENSP00000244751_OG5_127123	43.1	566	264	16	4579	2987	25	567	1.31e-115	381
Contig_1_Len4637_Cov31_E	Op_me_ptro_ENSPTRP00000030935_OG5_127123	43.1	566	264	16	4579	2987	25	567	1.31e-115	381
Contig_1_Len4637_Cov31_E	Op_me_clup_ENSCAFP00000002048_OG5_127123	42.8	566	266	16	4579	2987	25	567	3.43e-115	380
Contig_1_Len4637_Cov31_E	Op_me_tnig_ENSTNIP00000010064_OG5_127123	43.2	553	257	17	4570	2987	16	536	5.28e-115	377
Contig_1_Len4637_Cov31_E	Op_me_trub_ENSTRUP00000015374_OG5_127123	42.3	567	267	15	4579	2987	25	567	1.16e-114	378
Contig_1_Len4637_Cov31_E	Op_me_hsap_ENSP00000373343_OG5_127123	41.5	547	280	13	4579	2987	16	538	1.36e-114	377
Contig_1_Len4637_Cov31_E	Op_me_mmus_ENSMUSP00000044416_OG5_127123	41.5	547	280	13	4579	2987	16	538	1.36e-114	377
Contig_1_Len4637_Cov31_E	Op_me_trub_ENSTRUP00000027225_OG5_127123	41.3	569	286	13	4600	2987	18	569	3.25e-114	377
Contig_1_Len4637_Cov31_E	Op_me_mdom_ENSMODP00000033835_OG5_127123	40.4	567	288	13	4579	2975	22	570	1.13e-113	375
Contig_1_Len4637_Cov31_E	Op_me_clup_ENSCAFP00000008109_OG5_127123	40.4	564	285	14	4579	2987	29	574	2.65e-113	374
Contig_1_Len4637_Cov31_E	Op_me_tnig_ENSTNIP00000018176_OG5_127123	42.1	560	279	14	4579	2987	25	568	2.65e-113	374
Contig_1_Len4637_Cov31_E	Op_me_drer_ENSDARP00000082090_OG5_127123	42.7	555	258	17	4579	2993	25	545	4.55e-113	373
Contig_1_Len4637_Cov31_E	Op_me_tnig_ENSTNIP00000002792_OG5_127123	41.3	567	287	14	4600	2987	15	564	9.54e-113	373
Contig_1_Len4637_Cov31_E	Ex_he_Ngru_Contig2526length2259_OG5_127123	40.6	557	301	12	4630	2984	2	536	2.33e-112	376
Contig_2_Len4370_Cov39_E	Op_me_nvec_egw.5.141.1_OG5_126665	50.0	174	81	4	4370	3849	119	286	9.61e-44	165
Contig_2_Len4370_Cov39_E	Op_me_tadh_egw1.1.2040.1_OG5_126665	50.3	175	81	5	4370	3846	139	307	5.07e-42	160
Contig_2_Len4370_Cov39_E	Op_me_cint_ENSCINP00000014669_OG5_126665	45.3	179	90	5	4370	3834	115	285	1.59e-41	158
Contig_2_Len4370_Cov39_E	Sr_ci_Scer_OMJ76402Contig17607Len894_OG5_126665	45.1	173	89	5	4370	3852	127	293	1.02e-40	156
Contig_2_Len4370_Cov39_E	Op_me_dmel_FBpp0113024_OG5_126665	48.0	175	84	4	4364	3849	129	299	1.75e-40	156
Contig_2_Len4370_Cov39_E	Op_me_phum_PHUM308060_OG5_126665	50.9	159	73	4	4322	3846	146	299	2.84e-40	155
Contig_2_Len4370_Cov39_E	Sr_st_pram_fgenesh1pm.Cscaffold23000007_OG5_126665	45.1	175	90	4	4370	3846	137	305	1.13e-39	154
Contig_2_Len4370_Cov39_E	Pl_gr_osat_NP001058926_OG5_126665	47.1	174	86	3	4367	3849	135	303	1.74e-39	154
Contig_2_Len4370_Cov39_E	Pl_gr_rcom_29333.m001056_OG5_126665	46.0	176	89	3	4367	3843	117	287	2.61e-39	152
Contig_2_Len4370_Cov39_E	Sr_st_Pinf_002908621Contig8711Len954_OG5_126665	46.4	179	85	5	4370	3849	142	314	3.65e-39	152
Contig_2_Len4370_Cov39_E	Pl_gr_atha_NP974418_OG5_126665	43.7	174	92	3	4367	3849	136	304	1.44e-38	151
Contig_2_Len4370_Cov39_E	Sr_st_Ptri_002176254Contig6348Len978_OG5_126665	44.5	173	91	4	4367	3852	151	319	2.78e-38	150
Contig_2_Len4370_Cov39_E	Op_me_ggal_ENSGALP00000026303_OG5_126665	44.8	174	88	3	4370	3849	126	291	3.17e-38	149
Contig_2_Len4370_Cov39_E	Pl_gr_ppat_estExtfgenesh1pg.C800109_OG5_126665	43.8	176	93	3	4367	3843	133	303	1.93e-37	147
Contig_2_Len4370_Cov39_E	Op_me_mmus_ENSMUSP00000087384_OG5_126665	44.0	175	90	4	4370	3846	129	295	1.28e-36	144
Contig_2_Len4370_Cov39_E	Pl_rh_Gsul_005704679Contig3980Len966_OG5_126665	42.7	171	92	4	4361	3849	136	300	1.30e-36	145
Contig_2_Len4370_Cov39_E	Am_my_ddis_DDBG0282531_OG5_126665	44.1	177	91	5	4370	3849	144	315	1.80e-36	145
Contig_2_Len4370_Cov39_E	Sr_ci_Slem_CDW87550Contig12599Len1104_OG5_126665	41.8	170	94	3	4361	3852	199	363	7.08e-36	144
Contig_2_Len4370_Cov39_E	Op_me_mdom_ENSMODP00000002250_OG5_126665	45.4	174	87	5	4370	3849	129	294	8.44e-36	142
Contig_2_Len4370_Cov39_E	Pl_gr_micr_ACO69379_OG5_126665	44.2	172	93	3	4361	3849	199	368	8.61e-36	144
Contig_2_Len4370_Cov39_E	Op_me_clup_ENSCAFP00000034742_OG5_126665	42.9	175	92	4	4370	3846	132	298	8.66e-36	142
Contig_2_Len4370_Cov39_E	Sr_ci_Otri_EJY74954Contig15929Len1122_OG5_126665	41.8	170	94	4	4361	3852	205	369	1.48e-35	144
Contig_2_Len4370_Cov39_E	Op_me_hsap_ENSP00000276692_OG5_126665	43.1	174	91	4	4370	3849	129	294	2.11e-35	141
Contig_2_Len4370_Cov39_E	Op_me_ptro_ENSPTRP00000035175_OG5_126665	43.1	174	91	4	4370	3849	129	294	2.11e-35	141
Contig_2_Len4370_Cov39_E	Op_me_oana_ENSOANP00000022223_OG5_126665	45.4	174	87	4	4370	3849	130	295	2.94e-35	140
Contig_3_Len3937_Cov78_E	Sr_rh_Rfil_Contig6617length1398_OG5_126577	59.2	368	132	5	7	1083	89	447	1.89e-128	407
Contig_3_Len3937_Cov78_E	Sr_rh_Rfil_Contig11105length1092_OG5_126577	60.1	333	118	4	7	981	23	348	2.64e-124	392
Contig_3_Len3937_Cov78_E	Sr_rh_Rfil_Contig4409length1668_OG5_126577	59.8	333	119	4	7	981	181	506	3.53e-121	391
Contig_3_Len3937_Cov78_E	Sr_rh_Rfil_Contig19214length774_OG5_126577	63.7	248	78	2	262	981	1	244	1.96e-94	307
Contig_3_Len3937_Cov78_E	Pl_gr_atha_NP173201_OG5_126577	32.7	483	288	8	13	1440	289	741	6.41e-66	250
Contig_3_Len3937_Cov78_E	Op_ch_mbre_estExtGenewise1.C30037_OG5_132088	31.4	488	309	7	91	1539	311	777	4.85e-65	246
Contig_3_Len3937_Cov78_E	Op_ic_Cowc_004363861Contig546Len4356_OG5_132088	31.5	537	333	9	4	1578	292	805	1.10e-64	246
Contig_3_Len3937_Cov78_E	Pl_gr_rcom_30204.m001832_OG5_126577	30.7	561	326	15	13	1683	295	796	9.29e-64	243
Contig_3_Len3937_Cov78_E	Pl_gr_ppat_estExtgwpgw1.C1310096_OG5_126577	33.6	482	281	10	13	1443	225	672	1.18e-63	243
Contig_3_Len3937_Cov78_E	Op_me_drer_ENSDARP00000083463_OG5_126577	31.2	490	286	7	7	1410	296	756	2.24e-63	242
Contig_3_Len3937_Cov78_E	Pl_gr_atha_NP171912_OG5_126577	31.7	511	310	9	13	1518	293	773	1.14e-62	239
Contig_3_Len3937_Cov78_E	Pl_gr_atha_NP180749_OG5_126577	31.3	469	288	7	7	1404	290	727	1.63e-62	239
Contig_3_Len3937_Cov78_E	Pl_gr_atha_NP001154724_OG5_126577	32.9	484	286	12	13	1440	226	678	2.50e-62	238
Contig_3_Len3937_Cov78_E	Pl_gr_rcom_29912.m005301_OG5_126577	33.1	484	285	11	13	1440	296	748	2.75e-62	238
Contig_3_Len3937_Cov78_E	Pl_gr_atha_NP197549_OG5_126577	32.9	484	286	12	13	1440	306	758	2.79e-62	238
Contig_3_Len3937_Cov78_E	Pl_gr_atha_NP175858_OG5_126577	33.2	470	279	9	7	1404	293	731	3.61e-62	238
Contig_3_Len3937_Cov78_E	Pl_gr_osat_NP001048517_OG5_126577	32.5	467	282	8	13	1404	51	487	6.51e-62	236
Contig_3_Len3937_Cov78_E	Pl_gr_atha_NP199203_OG5_126577	31.9	467	286	5	13	1407	292	728	1.06e-61	236
Contig_3_Len3937_Cov78_E	Pl_gr_atha_NP179619_OG5_126577	30.5	570	341	13	13	1692	302	826	1.38e-61	236
Contig_3_Len3937_Cov78_E	Pl_gr_atha_NP195046_OG5_126577	31.6	469	287	7	13	1407	296	734	1.89e-61	236
Contig_3_Len3937_Cov78_E	Pl_gr_ppat_fgenesh1pg.scaffold66000125_OG5_126577	32.2	494	299	9	13	1479	149	611	2.44e-61	235
Contig_3_Len3937_Cov78_E	Pl_gr_rcom_29739.m003628_OG5_126577	31.1	472	287	8	13	1407	290	730	2.48e-61	235
Contig_3_Len3937_Cov78_E	Pl_gr_osat_NP001064913_OG5_126577	30.7	479	289	7	4	1404	170	617	2.97e-61	232
Contig_3_Len3937_Cov78_E	Pl_gr_atha_NP172349_OG5_126577	31.5	496	305	10	7	1482	298	762	7.72e-61	234
Contig_3_Len3937_Cov78_E	Pl_gr_atha_NP188630_OG5_126577	32.3	480	281	9	4	1404	385	833	1.71e-60	231
Contig_4_Len3902_Cov68_E	Sr_rh_Rfil_Contig21098length720_OG5_128438	56.0	232	71	3	858	256	1	232	7.38e-73	246
Contig_4_Len3902_Cov68_E	Sr_st_pram_Cscaffold59000040_OG5_128438	37.5	357	185	6	1221	265	7	363	4.04e-68	238
Contig_4_Len3902_Cov68_E	Sr_st_Pinf_002906622Contig7455Len1089_OG5_128438	37.3	359	184	7	1227	265	4	359	3.23e-67	235
Contig_4_Len3902_Cov68_E	Sr_st_tpse_thaps1uakg.chr17000049_OG5_128438	39.1	335	167	8	1191	265	5	328	9.80e-62	218
Contig_4_Len3902_Cov68_E	Sr_st_Ptri_002176887Contig5430Len1113_OG5_128438	37.4	313	180	6	1275	367	4	310	3.17e-57	206
Contig_4_Len3902_Cov68_E	Sr_st_Aana_Contig7486length774_OG5_128438	38.5	252	147	4	1182	451	6	257	6.65e-55	196
Contig_4_Len3902_Cov68_E	EE_cr_Gthe_005833249Contig10384Len1020_OG5_128438	34.8	328	179	10	1191	256	23	331	2.73e-44	168
Contig_4_Len3902_Cov68_E	Pl_gr_ppat_estExtgwpgw1.C30018_OG5_128438	32.0	331	191	7	1191	247	34	346	7.08e-43	165
Contig_4_Len3902_Cov68_E	Pl_gr_ppat_estExtgwpgw1.C1910037_OG5_128438	31.7	331	192	7	1191	247	34	346	4.39e-42	162
Contig_4_Len3902_Cov68_E	Am_my_ddis_CSN5_OG5_128438	32.8	320	185	8	1191	265	25	325	1.90e-41	159
Contig_4_Len3902_Cov68_E	Op_me_trub_ENSTRUP00000023720_OG5_128438	33.4	329	187	7	1191	247	24	334	2.00e-41	159
Contig_4_Len3902_Cov68_E	Op_me_ggal_ENSGALP00000023379_OG5_128438	33.5	322	183	6	1191	265	30	333	2.20e-41	159
Contig_4_Len3902_Cov68_E	Op_me_tnig_ENSTNIP00000013006_OG5_128438	33.4	329	187	7	1191	247	28	338	2.20e-41	159
Contig_4_Len3902_Cov68_E	Op_me_clup_ENSCAFP00000010982_OG5_128438	33.7	323	181	7	1191	265	26	329	2.71e-41	159
Contig_4_Len3902_Cov68_E	Op_me_drer_ENSDARP00000074782_OG5_128438	33.2	322	184	6	1191	265	24	327	2.71e-41	159
Contig_4_Len3902_Cov68_E	Op_me_ecab_XP001494265_OG5_128438	33.7	323	181	7	1191	265	26	329	2.71e-41	159
Contig_4_Len3902_Cov68_E	Op_me_hsap_ENSP00000350512_OG5_128438	33.7	323	181	7	1191	265	26	329	2.71e-41	159
Contig_4_Len3902_Cov68_E	Op_me_mdom_ENSMODP00000009744_OG5_128438	33.7	323	181	7	1191	265	26	329	2.71e-41	159
Contig_4_Len3902_Cov68_E	Op_me_mmul_XP001097856_OG5_128438	33.7	323	181	7	1191	265	26	329	2.71e-41	159
Contig_4_Len3902_Cov68_E	Op_me_mmus_ENSMUSP00000027050_OG5_128438	33.7	323	181	7	1191	265	26	329	2.71e-41	159
Contig_4_Len3902_Cov68_E	Op_me_oana_ENSOANP00000003677_OG5_128438	33.7	323	181	7	1191	265	26	329	2.71e-41	159
Contig_4_Len3902_Cov68_E	Op_me_ptro_ENSPTRP00000043693_OG5_128438	33.7	323	181	7	1191	265	26	329	2.71e-41	159
Contig_4_Len3902_Cov68_E	Op_me_rnor_ENSRNOP00000008877_OG5_128438	33.7	323	181	7	1191	265	26	329	2.71e-41	159
Contig_4_Len3902_Cov68_E	Op_ic_Cowc_004363323Contig5850Len1074_OG5_128438	34.6	324	174	9	1191	265	25	325	2.13e-40	157
Contig_4_Len3902_Cov68_E	Am_di_Acas_Contig7416length1029_OG5_128438	33.3	327	186	7	1191	253	24	332	1.74e-39	154
Contig_5_Len3897_Cov26_E	Sr_rh_Rfil_Contig618length3252_OG5_127444	46.8	1053	436	11	1088	3895	1	1046	0.0	945
Contig_5_Len3897_Cov26_E	Sr_rh_Rfil_Contig486length3510_OG5_127444	44.6	1107	434	12	1079	3895	3	1098	3.44e-313	911
Contig_5_Len3897_Cov26_E	Sr_rh_Rfil_Contig1333length2553_OG5_127444	57.8	545	219	5	2279	3895	262	801	2.26e-211	638
Contig_5_Len3897_Cov26_E	Sr_rh_Rfil_Contig8037length1281_OG5_127444	63.1	423	153	3	2288	3553	1	421	7.22e-180	541
Contig_5_Len3897_Cov26_E	Sr_rh_Rfil_Contig1419length2508_OG5_127444	40.7	706	308	14	2069	3895	105	796	8.70e-151	479
Contig_5_Len3897_Cov26_E	Sr_rh_Rfil_Contig4001length1734_OG5_127444	44.1	544	247	10	2411	3895	2	537	1.84e-128	411
Contig_5_Len3897_Cov26_E	Op_ic_Cowc_004347915Contig334Len5169_OG5_127444	35.5	854	447	23	1391	3895	866	1634	2.08e-128	438
Contig_5_Len3897_Cov26_E	EE_ha_Ehux_005781037Contig1605Len2658_OG5_127444	36.0	762	392	18	1730	3874	141	853	2.55e-122	405
Contig_5_Len3897_Cov26_E	Sr_rh_Rfil_Contig3097length1914_OG5_127444	42.9	552	210	11	2531	3895	13	556	2.61e-122	395
Contig_5_Len3897_Cov26_E	Ex_he_Ngru_Contig5122length1560_OG5_127444	42.5	492	268	6	2420	3895	4	480	7.01e-121	389
Contig_5_Len3897_Cov26_E	Am_my_ddis_pikB_OG5_127444	44.2	495	259	7	2420	3895	1270	1750	9.08e-120	414
Contig_5_Len3897_Cov26_E	Ex_he_Ngru_Contig5098length1566_OG5_127444	43.2	500	265	8	2405	3895	2	485	4.06e-119	384
Contig_5_Len3897_Cov26_E	Op_me_nvec_estExtfgenesh1pg.C630011_OG5_127444	32.9	859	459	23	1397	3895	233	1000	1.12e-118	399
Contig_5_Len3897_Cov26_E	EE_ap_Ttra_Contig1273length3525_OG5_127444	33.6	846	462	21	1442	3895	361	1134	2.14e-118	401
Contig_5_Len3897_Cov26_E	Am_di_Acas_Contig256length4914_OG5_127444	33.5	857	491	18	1424	3895	776	1586	3.41e-118	408
Contig_5_Len3897_Cov26_E	EE_ap_Ttra_Contig1201length3627_OG5_127444	33.6	846	462	21	1442	3895	395	1168	3.90e-118	401
Contig_5_Len3897_Cov26_E	Ex_he_Ngru_Contig1837length2601_OG5_127444	32.9	803	458	20	1559	3895	82	827	7.67e-118	392
Contig_5_Len3897_Cov26_E	Op_me_tnig_ENSTNIP00000009686_OG5_127444	32.5	861	488	22	1418	3895	260	1062	1.58e-117	397
Contig_5_Len3897_Cov26_E	Op_me_ptro_ENSPTRP00000044953_OG5_127444	31.4	990	559	25	1055	3895	143	1055	3.62e-117	396
Contig_5_Len3897_Cov26_E	Op_me_hsap_ENSP00000392258_OG5_127444	31.3	990	560	25	1055	3895	143	1055	1.31e-116	395
Contig_5_Len3897_Cov26_E	Op_me_mmul_XP001091036_OG5_127444	31.2	990	561	25	1055	3895	143	1055	1.31e-116	395
Contig_5_Len3897_Cov26_E	Op_me_drer_ENSDARP00000002818_OG5_127444	32.7	846	477	22	1439	3895	270	1050	2.31e-116	394
Contig_5_Len3897_Cov26_E	Op_me_ecab_XP001490567_OG5_127444	31.0	990	563	25	1055	3895	142	1054	4.64e-116	393
Contig_5_Len3897_Cov26_E	Sr_rh_Rfil_Contig11290length1083_OG5_127444	53.9	334	137	7	1337	2326	16	336	2.23e-115	368
Contig_5_Len3897_Cov26_E	Op_me_clup_ENSCAFP00000005911_OG5_127444	30.9	978	537	28	1163	3895	156	1061	5.00e-115	390
Contig_6_Len3872_Cov44_E	Sr_rh_Rfil_Contig569length3351_OG5_126855	41.2	1180	463	23	216	3512	31	1060	1.45e-242	728
Contig_6_Len3872_Cov44_E	Sr_rh_Rfil_Contig1018length2793_OG5_126855	39.3	964	389	17	615	3377	95	905	1.79e-183	568
Contig_6_Len3872_Cov44_E	Am_my_ddis_atp7a_OG5_126855	33.4	1147	513	27	120	3524	21	928	6.20e-146	471
Contig_6_Len3872_Cov44_E	Pl_gr_osat_NP001053522_OG5_126855	33.5	1131	456	28	150	3521	157	998	7.18e-143	463
Contig_6_Len3872_Cov44_E	Pl_gr_atha_NP176533_OG5_126855	32.3	1147	474	26	120	3521	123	979	4.57e-139	453
Contig_6_Len3872_Cov44_E	Pl_gr_ppat_fgenesh1pg.scaffold94000062_OG5_126855	33.3	1123	477	24	156	3521	146	997	4.67e-137	448
Contig_6_Len3872_Cov44_E	Pl_gr_rcom_30169.m006419_OG5_126855	31.9	1133	477	27	150	3521	116	962	9.17e-134	438
Contig_6_Len3872_Cov44_E	Pl_gr_rcom_30190.m011197_OG5_126855	31.0	1175	527	24	141	3542	49	980	2.01e-133	437
Contig_6_Len3872_Cov44_E	Pl_gr_osat_NP001046193_OG5_126855	31.4	1130	486	22	150	3521	115	961	1.17e-132	435
Contig_6_Len3872_Cov44_E	Pl_gr_atha_NP199292_OG5_126855	32.4	1159	521	26	150	3521	60	990	2.79e-132	435
Contig_6_Len3872_Cov44_E	Pl_gr_crei_121438_OG5_126855	32.3	1128	487	24	150	3521	80	934	2.90e-132	433
Contig_6_Len3872_Cov44_E	Pl_gr_osat_NP001046033_OG5_126855	32.1	1142	500	27	111	3521	134	1005	5.40e-131	432
Contig_6_Len3872_Cov44_E	Pl_gr_ppat_estExtgwpgw1.C1840090_OG5_126855	31.7	1168	524	28	150	3521	55	992	2.95e-130	429
Contig_6_Len3872_Cov44_E	Sr_st_tpse_thaps1uakg.chr7000008_OG5_126855	30.0	1156	557	23	156	3518	1	939	2.33e-127	420
Contig_6_Len3872_Cov44_E	Pl_gr_micr_ACO63823_OG5_126855	31.3	1145	522	30	108	3521	98	984	2.00e-124	414
Contig_6_Len3872_Cov44_E	EE_ap_Ttra_Contig2301length2589_OG5_126855	33.4	935	402	18	723	3521	142	857	2.49e-124	409
Contig_6_Len3872_Cov44_E	Sr_st_Pinf_002900658Contig1062Len3057_OG5_126855	28.8	1134	507	22	150	3518	143	987	1.88e-123	411
Contig_6_Len3872_Cov44_E	Op_fu_aory_AO090009000330_OG5_126855	30.2	1174	570	28	150	3644	203	1135	2.59e-122	412
Contig_6_Len3872_Cov44_E	Op_fu_gzea_FGST10023_OG5_126855	29.8	1205	570	29	150	3527	77	1084	1.80e-119	403
Contig_6_Len3872_Cov44_E	EE_ap_Ttra_Contig833length4266_OG5_126855	33.1	959	415	17	627	3494	146	880	1.82e-119	406
Contig_6_Len3872_Cov44_E	Op_me_drer_ENSDARP00000029666_OG5_126855	32.0	1148	510	28	132	3515	298	1194	3.67e-119	404
Contig_6_Len3872_Cov44_E	Ex_he_Ngru_Contig1061length3270_OG5_126855	30.0	1135	521	27	129	3518	221	1086	2.60e-118	399
Contig_6_Len3872_Cov44_E	Op_me_clup_ENSCAFP00000025432_OG5_126855	29.6	1162	550	24	141	3527	489	1415	1.95e-115	399
Contig_6_Len3872_Cov44_E	Op_me_isca_EEC03039_OG5_126855	30.5	1145	554	25	111	3506	175	1090	6.08e-115	390
Contig_6_Len3872_Cov44_E	Op_me_cbri_WBGene00040040_OG5_126855	30.7	1153	554	30	120	3521	245	1171	2.16e-114	392
Contig_8_Len3707_Cov26_E	Sr_rh_Rfil_Contig6008length1461_OG5_127068	58.6	319	130	1	2070	3020	166	484	1.05e-113	367
Contig_8_Len3707_Cov26_E	Sr_rh_Rfil_Contig1936length2262_OG5_127068	59.1	313	127	1	2058	2996	403	714	6.31e-113	374
Contig_8_Len3707_Cov26_E	Sr_rh_Rfil_Contig2017length2229_OG5_127068	58.8	313	128	1	2058	2996	390	701	1.41e-112	373
Contig_8_Len3707_Cov26_E	Sr_rh_Rfil_Contig11695length1065_OG5_127068	62.7	236	87	1	2292	2996	6	241	2.18e-89	296
Contig_8_Len3707_Cov26_E	Op_ic_Cowc_004349403Contig4575Len1419_OG5_127068	46.3	296	156	2	2070	2957	177	469	1.21e-80	276
Contig_8_Len3707_Cov26_E	Sr_st_tpse_egw1.6.197.1_OG5_127068	43.4	297	165	3	2070	2960	12	305	1.86e-80	270
Contig_8_Len3707_Cov26_E	EE_ap_Ttra_Contig4485length1599_OG5_127068	47.0	296	153	3	2070	2957	238	529	9.50e-78	270
Contig_8_Len3707_Cov26_E	Op_me_ggal_ENSGALP00000037135_OG5_127068	48.5	295	149	2	2070	2954	305	596	1.08e-77	272
Contig_8_Len3707_Cov26_E	Op_me_cele_WBGene00017981_OG5_127068	47.2	299	154	3	2058	2954	291	585	1.28e-77	272
Contig_8_Len3707_Cov26_E	Op_me_clup_ENSCAFP00000008562_OG5_127068	48.1	295	150	2	2070	2954	316	607	1.92e-77	272
Contig_8_Len3707_Cov26_E	Op_me_rnor_ENSRNOP00000033763_OG5_127068	48.1	295	150	2	2070	2954	316	607	1.92e-77	272
Contig_8_Len3707_Cov26_E	Op_me_mmus_ENSMUSP00000024869_OG5_127068	48.1	295	150	2	2070	2954	319	610	2.06e-77	272
Contig_8_Len3707_Cov26_E	Pl_gr_vcar_XP002952224_OG5_127068	44.1	290	161	1	2091	2960	6	294	2.50e-77	261
Contig_8_Len3707_Cov26_E	Op_me_hsap_ENSP00000320885_OG5_127068	48.1	295	150	2	2070	2954	321	612	2.95e-77	271
Contig_8_Len3707_Cov26_E	Op_me_ptro_ENSPTRP00000020280_OG5_127068	48.1	295	150	2	2070	2954	321	612	2.95e-77	271
Contig_8_Len3707_Cov26_E	Op_me_trub_ENSTRUP00000000269_OG5_127068	47.1	295	153	2	2070	2954	205	496	6.93e-77	267
Contig_8_Len3707_Cov26_E	Op_me_cbri_WBGene00040545_OG5_127068	46.8	299	155	3	2058	2954	291	585	7.77e-77	270
Contig_8_Len3707_Cov26_E	Op_me_oana_ENSOANP00000006237_OG5_127068	47.8	295	151	2	2070	2954	257	548	1.04e-76	268
Contig_8_Len3707_Cov26_E	Sr_st_pram_gwEuk.16.152.1_OG5_127068	44.6	285	154	3	2100	2954	7	287	2.08e-76	258
Contig_8_Len3707_Cov26_E	Op_fu_ecun_ECU111030_OG5_127068	46.2	290	151	3	2088	2957	139	423	2.78e-76	263
Contig_8_Len3707_Cov26_E	Sr_ci_Scer_OMJ86475Contig11370Len1254_OG5_127068	43.9	303	164	3	2052	2960	121	417	4.14e-76	262
Contig_8_Len3707_Cov26_E	Op_me_ecab_XP001918126_OG5_127068	47.8	295	151	2	2070	2954	321	612	4.89e-76	268
Contig_8_Len3707_Cov26_E	Op_me_tnig_ENSTNIP00000006781_OG5_127068	42.9	301	169	2	2055	2957	74	371	1.03e-75	259
Contig_8_Len3707_Cov26_E	Op_me_mdom_ENSMODP00000019317_OG5_127068	47.5	295	152	2	2070	2954	314	605	1.45e-75	266
Contig_8_Len3707_Cov26_E	Op_me_tadh_egw1.17.59.1_OG5_127068	43.4	302	166	3	2055	2957	15	312	2.24e-75	256
Contig_9_Len3691_Cov74_E	Sr_rh_Rfil_Contig5625length1503_OG5_126813	55.9	433	151	5	1718	423	59	452	4.34e-158	485
Contig_9_Len3691_Cov74_E	Sr_rh_Rfil_Contig3531length1824_OG5_126813	38.5	444	222	8	1685	423	137	552	2.95e-89	304
Contig_9_Len3691_Cov74_E	Sr_rh_Rfil_Contig5730length1491_OG5_126813	39.5	392	209	7	1481	366	8	391	1.24e-85	291
Contig_9_Len3691_Cov74_E	Sr_rh_Rfil_Contig19800length756_OG5_126813	43.3	254	132	3	1223	483	1	249	5.30e-70	238
Contig_9_Len3691_Cov74_E	Sr_rh_Rfil_Contig5935length1470_OG5_126813	33.3	430	263	6	1694	414	69	477	1.98e-68	242
Contig_9_Len3691_Cov74_E	Sr_rh_Rfil_Contig5559length1512_OG5_126813	34.3	469	255	10	1739	342	73	491	8.54e-68	241
Contig_9_Len3691_Cov74_E	Sr_rh_Rfil_Contig2994length1938_OG5_126813	36.5	329	199	3	1481	513	2	326	1.60e-65	238
Contig_9_Len3691_Cov74_E	Sr_rh_Rfil_Contig20235length744_OG5_126813	46.2	234	121	2	1220	519	6	234	3.60e-65	224
Contig_9_Len3691_Cov74_E	Sr_ch_Vbra_Contig8126length1569_OG5_126813	32.0	375	237	5	1472	360	125	485	7.48e-64	230
Contig_9_Len3691_Cov74_E	Sr_st_pram_gwEuk.41.5.1_OG5_126813	31.2	459	257	9	1688	327	3	407	8.81e-64	226
Contig_9_Len3691_Cov74_E	Sr_st_Pinf_002998681Contig5836Len1311_OG5_126813	31.8	465	251	10	1688	327	17	426	3.54e-63	226
Contig_9_Len3691_Cov74_E	Pl_gr_atha_NP187599_OG5_126813	32.8	458	247	10	1667	315	80	483	1.07e-61	223
Contig_9_Len3691_Cov74_E	Sr_rh_Rfil_Contig10322length1134_OG5_126813	33.2	385	233	7	1472	321	11	372	8.66e-61	217
Contig_9_Len3691_Cov74_E	Sr_pe_Perk_002787705Contig3894Len1515_OG5_126813	33.9	354	213	6	1472	429	52	390	1.39e-60	220
Contig_9_Len3691_Cov74_E	Sr_pe_Perk_002771314Contig3361Len1623_OG5_126813	33.8	355	212	7	1472	429	156	494	5.79e-60	219
Contig_9_Len3691_Cov74_E	EE_ha_Ehux_005782547Contig5188Len1683_OG5_126813	34.2	365	220	6	1472	393	118	467	6.58e-60	220
Contig_9_Len3691_Cov74_E	Sr_rh_Rfil_Contig4534length1647_OG5_126813	32.6	374	230	5	1502	420	12	376	1.14e-59	218
Contig_9_Len3691_Cov74_E	Pl_gr_atha_NP195967_OG5_126813	31.6	452	252	9	1667	327	80	479	3.23e-59	216
Contig_9_Len3691_Cov74_E	Pl_gr_rcom_30078.m002261_OG5_126813	30.9	457	257	9	1667	315	80	483	5.81e-59	215
Contig_9_Len3691_Cov74_E	Pl_gr_atha_NP191053_OG5_126813	33.0	400	237	7	1472	300	120	497	1.55e-58	214
Contig_9_Len3691_Cov74_E	Sr_rh_Rfil_Contig22237length690_OG5_126813	42.6	235	122	3	1223	519	1	222	7.26e-58	203
Contig_9_Len3691_Cov74_E	Pl_gr_rcom_29948.m000693_OG5_126813	32.3	393	237	7	1472	315	141	511	8.09e-58	213
Contig_9_Len3691_Cov74_E	Pl_gr_otau_egw1.07.00.144.1_OG5_126813	30.3	459	260	8	1667	315	19	425	1.59e-57	209
Contig_9_Len3691_Cov74_E	Pl_gr_ppat_estExtgwpgw1.C810067_OG5_126813	30.2	441	256	9	1712	408	26	420	1.62e-57	210
Contig_9_Len3691_Cov74_E	Pl_gr_micr_ACO65213_OG5_126813	31.8	399	240	7	1472	306	40	416	1.68e-57	209
Contig_11_Len3556_Cov35_E	Sr_rh_Rfil_Contig4991length1584_OG5_126989	32.4	564	312	18	3530	1902	8	523	4.44e-75	262
Contig_11_Len3556_Cov35_E	Sr_rh_Rfil_Contig3214length1890_OG5_126989	31.4	583	304	24	3530	1902	11	537	4.86e-60	222
Contig_11_Len3556_Cov35_E	Sr_rh_Rfil_Contig3429length1845_OG5_126989	30.1	571	312	22	3479	1902	3	531	5.88e-59	218
Contig_11_Len3556_Cov35_E	Pl_gr_atha_NP850957_OG5_126858	41.1	285	145	7	387	1226	63	329	1.59e-57	206
Contig_11_Len3556_Cov35_E	Pl_gr_atha_NP565605_OG5_126858	40.7	285	146	7	387	1226	101	367	2.14e-56	204
Contig_11_Len3556_Cov35_E	Pl_gr_atha_NP174903_OG5_126858	42.5	266	130	7	444	1226	37	284	2.37e-56	201
Contig_11_Len3556_Cov35_E	Pl_gr_osat_NP001046003_OG5_126858	39.2	291	154	7	372	1229	99	371	2.45e-56	204
Contig_11_Len3556_Cov35_E	Pl_gr_rcom_29908.m006196_OG5_126858	39.9	288	150	7	339	1187	45	314	4.00e-56	202
Contig_11_Len3556_Cov35_E	Op_me_cint_ENSCINP00000018053_OG5_126989	30.6	545	303	22	3482	1905	1	489	1.20e-55	206
Contig_11_Len3556_Cov35_E	Pl_gr_ppat_egw1.199.22.1_OG5_126858	39.8	289	145	8	387	1226	42	310	3.24e-55	198
Contig_11_Len3556_Cov35_E	Op_me_mmul_XP001108389_OG5_126989	31.8	556	318	20	3533	1902	28	534	6.34e-55	204
Contig_11_Len3556_Cov35_E	Op_me_rnor_ENSRNOP00000014860_OG5_126989	31.3	563	316	21	3539	1902	20	528	1.87e-54	203
Contig_11_Len3556_Cov35_E	Op_me_trub_ENSTRUP00000014358_OG5_126989	29.4	538	324	19	3491	1902	6	495	1.20e-53	201
Contig_11_Len3556_Cov35_E	EE_cr_Gthe_005825013Contig9331Len1104_OG5_126858	40.3	290	145	6	372	1223	99	366	1.35e-53	196
Contig_11_Len3556_Cov35_E	Op_me_mmus_ENSMUSP00000088964_OG5_126989	32.5	538	302	21	3479	1902	46	534	1.76e-53	200
Contig_11_Len3556_Cov35_E	Op_me_ptro_ENSPTRP00000054793_OG5_126989	31.7	545	311	20	3500	1902	40	535	1.79e-53	200
Contig_11_Len3556_Cov35_E	Op_me_ecab_XP001503367_OG5_126989	30.5	534	315	17	3485	1899	74	556	1.80e-53	202
Contig_11_Len3556_Cov35_E	Op_me_hsap_ENSP00000264914_OG5_126989	31.7	545	311	20	3500	1902	38	533	2.33e-53	200
Contig_11_Len3556_Cov35_E	Op_me_trub_ENSTRUP00000020097_OG5_126989	28.5	541	318	15	3485	1896	46	528	6.50e-53	199
Contig_11_Len3556_Cov35_E	Op_me_nvec_egw.4.469.1_OG5_126989	27.9	544	321	19	3479	1905	1	492	6.86e-53	197
Contig_11_Len3556_Cov35_E	Op_me_tnig_ENSTNIP00000010793_OG5_126989	29.7	538	324	18	3491	1905	11	503	8.27e-53	198
Contig_11_Len3556_Cov35_E	Op_me_phum_PHUM616890_OG5_126989	29.0	575	344	18	3542	1878	30	560	1.32e-52	198
Contig_11_Len3556_Cov35_E	Op_me_ptro_ENSPTRP00000028143_OG5_126989	30.5	535	314	18	3485	1899	74	556	2.66e-52	198
Contig_11_Len3556_Cov35_E	Op_me_hsap_ENSP00000320219_OG5_126989	30.5	535	314	18	3485	1899	74	556	2.71e-52	198
Contig_11_Len3556_Cov35_E	Op_me_cint_ENSCINP00000007178_OG5_126989	29.4	537	318	17	3482	1905	1	487	3.40e-52	195
Contig_12_Len3524_Cov81_E	Pl_rh_Gsul_005707792Contig1783Len1596_OG5_126968	56.9	480	189	8	3394	1988	59	531	1.13e-170	518
Contig_12_Len3524_Cov81_E	Sr_st_Pinf_002898325Contig4730Len1491_OG5_126968	58.5	480	180	8	3394	1988	25	496	4.08e-169	512
Contig_12_Len3524_Cov81_E	Sr_st_pram_fgenesh1pm.Cscaffold109000002_OG5_126968	55.5	506	206	8	3472	1988	2	499	1.26e-168	511
Contig_12_Len3524_Cov81_E	Sr_ci_Slem_CDW75606Contig9288Len1482_OG5_126968	57.0	486	191	10	3418	1991	15	492	2.03e-168	510
Contig_12_Len3524_Cov81_E	Op_fu_ylip_XP503086_OG5_126968	57.7	471	184	7	3376	1988	36	499	1.16e-165	503
Contig_12_Len3524_Cov81_E	Sr_ci_Ptet_001460760Contig12105Len1467_OG5_126968	55.6	495	188	10	3439	1991	13	487	3.12e-165	502
Contig_12_Len3524_Cov81_E	Pl_gr_osat_NP001042918_OG5_126968	55.2	471	193	8	3376	1991	41	502	7.33e-165	501
Contig_12_Len3524_Cov81_E	Sr_ci_Ptet_001457469Contig12101Len1467_OG5_126968	55.4	491	195	9	3427	1991	9	487	8.69e-165	501
Contig_12_Len3524_Cov81_E	Op_ic_Cowc_004343819Contig4290Len1506_OG5_126968	54.7	494	201	9	3427	1991	15	500	9.63e-165	501
Contig_12_Len3524_Cov81_E	Op_fu_pchr_egww2.9.195.1_OG5_126968	57.5	480	185	9	3394	1988	14	485	1.55e-164	500
Contig_12_Len3524_Cov81_E	Op_me_cint_ENSCINP00000016324_OG5_126968	53.5	501	213	8	3466	2006	3	497	2.04e-164	500
Contig_12_Len3524_Cov81_E	Pl_gr_atha_NP175237_OG5_126968	55.2	471	193	8	3376	1991	45	506	3.58e-163	497
Contig_12_Len3524_Cov81_E	Sr_st_tpse_egw1.11a.36.1_OG5_126968	57.7	478	178	11	3376	1988	1	469	3.81e-163	496
Contig_12_Len3524_Cov81_E	Op_ch_mbre_estExtfgenesh1pg.C360004_OG5_126968	53.3	510	220	9	3484	1988	1	503	4.39e-163	497
Contig_12_Len3524_Cov81_E	Op_fu_scer_scers288cYFL018C_OG5_126968	57.2	481	181	8	3382	1991	26	498	2.11e-162	495
Contig_12_Len3524_Cov81_E	Sr_ci_Pper_KRX01420Contig5308Len1467_OG5_126968	55.2	475	196	7	3385	1988	20	486	3.76e-162	494
Contig_12_Len3524_Cov81_E	Op_fu_gzea_FGST11304_OG5_126968	56.7	473	186	11	3376	1988	45	508	4.02e-162	494
Contig_12_Len3524_Cov81_E	Pl_gr_ppat_estExtfgenesh1pm.C980020_OG5_126968	53.3	471	204	8	3376	1988	41	503	9.43e-162	493
Contig_12_Len3524_Cov81_E	Am_my_ddis_lpd_OG5_126968	54.9	477	196	8	3391	1991	19	486	2.14e-161	492
Contig_12_Len3524_Cov81_E	Op_fu_cgla_XP446057_OG5_126968	57.0	479	183	7	3379	1988	23	493	5.18e-161	491
Contig_12_Len3524_Cov81_E	Sr_ci_Otri_EJY85909Contig12223Len1488_OG5_126968	54.3	486	204	10	3418	1991	17	494	5.55e-161	491
Contig_12_Len3524_Cov81_E	Op_fu_cneg_CNAG07004T0_OG5_126968	55.0	478	198	8	3394	1988	42	511	1.34e-160	491
Contig_12_Len3524_Cov81_E	Pl_gr_micr_ACO70190_OG5_126968	52.2	510	227	11	3490	1988	4	505	2.16e-160	490
Contig_12_Len3524_Cov81_E	Op_me_amel_XP623438_OG5_126968	54.9	494	203	9	3433	1988	22	507	2.32e-160	490
Contig_12_Len3524_Cov81_E	Op_me_bmor_BGIBMGA000292_OG5_126968	55.0	493	208	6	3442	1988	10	496	4.43e-160	489
Contig_13_Len3425_Cov46_E	Pl_gr_osat_NP001053928_OG5_127412	46.1	406	204	7	2163	3365	11	406	1.33e-99	325
Contig_13_Len3425_Cov46_E	Pl_gr_crei_196242_OG5_127412	46.2	379	193	5	2238	3365	32	402	7.07e-96	315
Contig_13_Len3425_Cov46_E	Pl_gr_vcar_XP002957198_OG5_127412	47.2	379	188	6	2238	3365	44	413	9.87e-95	312
Contig_13_Len3425_Cov46_E	Pl_gr_rcom_29842.m003567_OG5_127412	46.1	382	191	8	2235	3365	34	405	1.76e-94	311
Contig_13_Len3425_Cov46_E	Pl_gr_atha_NP172650_OG5_127412	45.6	384	194	7	2235	3371	35	408	9.33e-94	309
Contig_13_Len3425_Cov46_E	Op_ic_Cowc_004365723Contig5288Len1227_OG5_127412	43.6	392	206	7	2208	3365	25	407	1.77e-92	306
Contig_13_Len3425_Cov46_E	Sr_ch_Vbra_Contig10957length1245_OG5_127412	41.1	399	222	7	2181	3365	23	412	2.09e-91	303
Contig_13_Len3425_Cov46_E	Op_me_drer_ENSDARP00000015005_OG5_127412	46.2	379	189	8	2238	3362	40	407	2.49e-91	303
Contig_13_Len3425_Cov46_E	Pl_gr_otau_fgenesh1pm.CChr10.0001000063_OG5_127412	45.8	382	192	8	2238	3365	25	397	4.85e-91	301
Contig_13_Len3425_Cov46_E	Am_my_ddis_gcvT_OG5_127412	44.1	390	200	7	2223	3365	19	399	6.94e-91	301
Contig_13_Len3425_Cov46_E	Op_me_tnig_ENSTNIP00000007748_OG5_127412	43.3	386	205	7	2217	3362	15	390	2.12e-90	300
Contig_13_Len3425_Cov46_E	Op_me_trub_ENSTRUP00000022360_OG5_127412	44.6	379	195	8	2238	3362	43	410	3.70e-90	300
Contig_13_Len3425_Cov46_E	Pl_rh_Gsul_005703162Contig2926Len1224_OG5_127412	43.0	381	202	7	2232	3365	37	405	1.14e-88	295
Contig_13_Len3425_Cov46_E	Op_me_mdom_ENSMODP00000016231_OG5_127412	44.6	379	195	8	2238	3362	4	371	2.80e-87	290
Contig_13_Len3425_Cov46_E	Pl_gr_ppat_egw1.91.136.1_OG5_127412	41.4	399	219	7	2184	3365	21	409	4.71e-87	291
Contig_13_Len3425_Cov46_E	Sr_pe_Perk_002788645Contig6063Len1185_OG5_127412	42.9	387	208	7	2214	3365	17	393	5.20e-87	290
Contig_13_Len3425_Cov46_E	Op_me_nvec_egw.408.10.1_OG5_127412	42.9	380	201	8	2238	3362	1	369	1.33e-85	286
Contig_13_Len3425_Cov46_E	Pl_gr_ppat_fgenesh1pg.scaffold13000254_OG5_127412	41.8	373	202	7	2262	3365	5	367	5.17e-85	284
Contig_13_Len3425_Cov46_E	Op_me_mmul_XP001108852_OG5_127412	43.3	379	200	8	2238	3362	33	400	8.81e-85	285
Contig_13_Len3425_Cov46_E	Op_me_mmus_ENSMUSP00000035230_OG5_127412	43.8	379	198	8	2238	3362	33	400	8.81e-85	285
Contig_13_Len3425_Cov46_E	Op_me_tadh_egw1.1.454.1_OG5_127412	41.6	380	206	7	2241	3362	1	370	9.28e-85	283
Contig_13_Len3425_Cov46_E	Op_me_ecab_XP001497736_OG5_127412	43.8	379	198	8	2238	3362	33	400	4.43e-84	283
Contig_13_Len3425_Cov46_E	Pl_gr_micr_ACO65076_OG5_127412	42.8	381	204	6	2238	3365	39	410	2.11e-83	281
Contig_13_Len3425_Cov46_E	Op_me_ptro_ENSPTRP00000025761_OG5_127412	43.3	379	200	8	2238	3362	33	400	5.86e-83	280
Contig_13_Len3425_Cov46_E	Op_me_hsap_ENSP00000273588_OG5_127412	43.0	379	201	8	2238	3362	33	400	1.12e-82	279
Contig_14_Len3345_Cov73_E	Sr_rh_Rfil_Contig2994length1938_OG5_126813	67.6	374	121	0	2136	1015	1	374	9.48e-176	533
Contig_14_Len3345_Cov73_E	Sr_rh_Rfil_Contig4534length1647_OG5_126813	64.8	395	130	3	2166	1000	8	399	5.03e-173	521
Contig_14_Len3345_Cov73_E	Sr_rh_Rfil_Contig4579length1641_OG5_126813	57.2	383	145	4	2127	1009	10	383	4.77e-132	416
Contig_14_Len3345_Cov73_E	Sr_rh_Rfil_Contig8121length1275_OG5_126813	56.6	281	113	2	1851	1036	1	281	7.66e-99	323
Contig_14_Len3345_Cov73_E	Sr_rh_Rfil_Contig3531length1824_OG5_126813	41.5	388	203	5	2133	1012	195	572	4.16e-89	302
Contig_14_Len3345_Cov73_E	Sr_rh_Rfil_Contig2966length1947_OG5_126813	36.4	462	200	7	2136	1030	30	490	5.41e-85	291
Contig_14_Len3345_Cov73_E	Sr_rh_Rfil_Contig5730length1491_OG5_126813	40.2	378	199	4	2133	1051	8	375	8.82e-82	279
Contig_14_Len3345_Cov73_E	Sr_rh_Rfil_Contig5625length1503_OG5_126813	35.5	389	241	3	2220	1057	78	457	4.28e-72	252
Contig_14_Len3345_Cov73_E	Sr_rh_Rfil_Contig19800length756_OG5_126813	49.8	229	114	1	1857	1171	1	228	5.13e-68	232
Contig_14_Len3345_Cov73_E	Sr_rh_Rfil_Contig20235length744_OG5_126813	50.9	228	111	1	1854	1171	6	232	3.02e-67	230
Contig_14_Len3345_Cov73_E	Pl_gr_ppat_estExtgwpgw1.C340232_OG5_126813	32.4	420	262	9	2259	1012	74	475	2.22e-58	214
Contig_14_Len3345_Cov73_E	Sr_rh_Rfil_Contig5559length1512_OG5_126813	32.7	404	247	11	2256	1069	79	465	6.17e-58	212
Contig_14_Len3345_Cov73_E	Sr_rh_Rfil_Contig5935length1470_OG5_126813	32.6	417	255	11	2271	1051	82	482	7.04e-58	211
Contig_14_Len3345_Cov73_E	Pl_gr_osat_NP001051871_OG5_126813	32.0	434	264	8	2250	1003	84	504	8.43e-58	212
Contig_14_Len3345_Cov73_E	Pl_gr_osat_NP001060884_OG5_126813	31.6	415	264	9	2259	1030	84	483	2.06e-57	211
Contig_14_Len3345_Cov73_E	Pl_gr_rcom_29929.m004711_OG5_126813	32.0	403	256	8	2301	1105	73	461	2.46e-57	211
Contig_14_Len3345_Cov73_E	Pl_gr_rcom_29929.m004710_OG5_126813	30.8	428	282	7	2313	1036	72	487	3.01e-56	208
Contig_14_Len3345_Cov73_E	Pl_gr_atha_NP172803_OG5_126813	32.3	396	254	7	2259	1078	70	453	4.75e-56	206
Contig_14_Len3345_Cov73_E	Pl_gr_ppat_egw1.98.37.1_OG5_126813	32.1	420	263	9	2259	1012	6	407	6.56e-56	205
Contig_14_Len3345_Cov73_E	Sr_pe_Perk_002787705Contig3894Len1515_OG5_126813	32.0	397	251	7	2259	1081	8	389	1.14e-55	206
Contig_14_Len3345_Cov73_E	Pl_gr_osat_NP001059361_OG5_126813	31.1	427	268	9	2340	1078	57	463	1.52e-55	206
Contig_14_Len3345_Cov73_E	Pl_gr_atha_NP188802_OG5_126813	32.6	387	245	8	2259	1108	100	473	2.78e-55	206
Contig_14_Len3345_Cov73_E	Sr_ap_ncan_NCLIV063300_OG5_126813	34.7	398	234	11	2259	1087	149	527	4.09e-55	206
Contig_14_Len3345_Cov73_E	Op_me_ecab_XP001501596_OG5_126813	33.4	419	258	9	2379	1138	60	462	4.47e-55	206
Contig_14_Len3345_Cov73_E	Op_me_hsap_ENSP00000417963_OG5_126813	33.4	419	258	9	2379	1138	60	462	4.47e-55	206
Contig_15_Len3344_Cov83_E	Am_my_ddis_DDBG0289473_OG5_126645	40.1	982	524	21	255	3074	41	1000	4.42e-215	650
Contig_15_Len3344_Cov83_E	Pl_gr_crei_128099_OG5_126645	43.1	965	479	26	234	3059	38	955	2.36e-212	641
Contig_15_Len3344_Cov83_E	Am_di_Acas_Contig1209length2850_OG5_126645	41.1	968	491	20	243	3095	27	932	2.88e-209	631
Contig_15_Len3344_Cov83_E	Pl_gr_ppat_estExtGenewise1.C2900008_OG5_126645	41.5	981	514	18	144	3035	94	1031	6.49e-209	635
Contig_15_Len3344_Cov83_E	Op_me_cele_WBGene00003153_OG5_126645	40.3	1026	487	24	255	3032	31	1030	7.72e-209	637
Contig_15_Len3344_Cov83_E	Sr_st_Pinf_002998750Contig1001Len3138_OG5_126645	40.6	1002	488	23	243	3023	34	1003	2.44e-208	632
Contig_15_Len3344_Cov83_E	Op_ch_mbre_estExtfgenesh2pg.C160158_OG5_126645	39.9	960	526	15	243	3050	23	955	1.09e-206	631
Contig_15_Len3344_Cov83_E	Sr_st_pram_fgenesh1pg.Cscaffold41000111_OG5_126645	40.3	999	492	21	243	3023	35	1001	1.96e-206	627
Contig_15_Len3344_Cov83_E	Op_ic_Cowc_004349705Contig1435Len2979_OG5_126645	42.5	945	466	21	243	3035	30	911	3.53e-206	624
Contig_15_Len3344_Cov83_E	Op_me_cbri_WBGene00026242_OG5_126645	40.5	1031	476	28	255	3032	31	1029	6.88e-206	629
Contig_15_Len3344_Cov83_E	Sr_rh_Rfil_Contig3692length1791_OG5_126645	54.7	603	254	7	1230	3008	1	594	2.70e-205	608
Contig_15_Len3344_Cov83_E	EE_ap_Ttra_Contig1452length3279_OG5_126645	43.0	955	502	20	237	3035	21	955	3.05e-205	625
Contig_15_Len3344_Cov83_E	Ex_he_Ngru_Contig1262length3072_OG5_126645	39.5	998	511	21	234	3029	22	992	3.45e-205	623
Contig_15_Len3344_Cov83_E	Op_me_nvec_estExtgwp.C670160_OG5_126645	41.0	1012	490	24	243	3032	50	1036	5.63e-205	625
Contig_15_Len3344_Cov83_E	Am_di_Acas_Contig1157length2907_OG5_126645	40.3	967	491	18	243	3113	23	913	7.48e-205	620
Contig_15_Len3344_Cov83_E	Sr_st_Pinf_002901912Contig962Len3195_OG5_126645	40.2	1019	492	23	189	3002	10	992	4.43e-204	621
Contig_15_Len3344_Cov83_E	Op_ch_mbre_fgenesh1pg.scaffold14000153_OG5_126645	40.1	1015	487	25	255	3047	40	1017	3.72e-203	623
Contig_15_Len3344_Cov83_E	Sr_st_pram_fgenesh1pg.Cscaffold35000134_OG5_126645	40.0	1022	495	24	189	3002	10	997	3.74e-203	619
Contig_15_Len3344_Cov83_E	Op_ic_Cowc_004343077Contig1088Len3369_OG5_126645	40.9	952	494	23	180	2987	112	1010	1.21e-202	619
Contig_15_Len3344_Cov83_E	EE_ap_Ttra_Contig1525length3207_OG5_126645	40.8	953	514	15	249	3035	111	1037	1.51e-202	617
Contig_15_Len3344_Cov83_E	Pl_gr_rcom_30198.m000878_OG5_126645	40.6	957	510	17	234	3035	131	1052	1.01e-201	615
Contig_15_Len3344_Cov83_E	Am_my_ddis_patAm_OG5_126645	40.2	995	509	19	186	3035	5	958	1.12e-201	616
Contig_15_Len3344_Cov83_E	Op_me_ptro_ENSPTRP00000040595_OG5_126645	39.9	1024	483	25	255	3032	49	1038	1.59e-201	620
Contig_15_Len3344_Cov83_E	Sr_st_Pinf_002999157Contig1010Len3123_OG5_126645	39.6	984	518	17	234	3050	59	1011	2.43e-201	613
Contig_15_Len3344_Cov83_E	Pl_gr_ppat_estExtGenewise1.C80210_OG5_126645	41.3	963	502	22	198	3035	114	1030	3.83e-201	615
Contig_16_Len3304_Cov64_E	Sr_rh_Rfil_Contig2076length2208_OG5_127599	45.1	762	352	15	3119	906	1	720	2.07e-198	594
Contig_16_Len3304_Cov64_E	Sr_rh_Rfil_Contig9174length1200_OG5_126748	64.3	395	121	3	2039	906	8	399	1.76e-173	518
Contig_16_Len3304_Cov64_E	Sr_rh_Rfil_Contig9070length1209_OG5_126748	65.0	389	116	3	2021	906	17	402	8.56e-172	513
Contig_16_Len3304_Cov64_E	Sr_rh_Rfil_Contig7773length1299_OG5_127599	50.7	422	178	6	2696	1503	14	429	3.50e-124	390
Contig_16_Len3304_Cov64_E	Sr_st_pram_fgenesh1pg.Cscaffold99000031_OG5_127599	37.1	606	354	9	2711	930	169	759	1.63e-120	392
Contig_16_Len3304_Cov64_E	Op_me_nvec_estExtfgenesh1pg.C1200031_OG5_127599	37.3	601	342	11	2711	957	72	653	4.42e-118	382
Contig_16_Len3304_Cov64_E	Op_me_drer_ENSDARP00000024589_OG5_127599	36.7	605	344	10	2714	933	83	659	1.02e-117	382
Contig_16_Len3304_Cov64_E	Op_me_trub_ENSTRUP00000026640_OG5_127599	36.5	605	345	9	2714	933	84	660	2.84e-117	380
Contig_16_Len3304_Cov64_E	Op_me_ecab_XP001917720_OG5_127599	37.2	581	329	8	2693	984	94	649	3.09e-117	380
Contig_16_Len3304_Cov64_E	Sr_st_Pinf_002899963Contig2034Len2301_OG5_127599	36.5	597	352	9	2711	957	174	755	3.86e-117	383
Contig_16_Len3304_Cov64_E	Op_me_ecab_XP001917717_OG5_127599	37.2	581	329	8	2693	984	109	664	4.68e-117	380
Contig_16_Len3304_Cov64_E	Op_me_ggal_ENSGALP00000006027_OG5_127599	37.0	581	330	8	2693	984	108	663	3.35e-116	378
Contig_16_Len3304_Cov64_E	Op_me_tnig_ENSTNIP00000006171_OG5_127599	36.6	598	340	9	2693	933	112	681	3.74e-116	378
Contig_16_Len3304_Cov64_E	Op_me_mmul_XP001099261_OG5_127599	37.0	581	330	8	2693	984	94	649	4.43e-116	377
Contig_16_Len3304_Cov64_E	Op_me_hsap_ENSP00000363092_OG5_127599	37.0	581	330	8	2693	984	109	664	6.69e-116	377
Contig_16_Len3304_Cov64_E	Op_me_mmul_XP001099460_OG5_127599	37.0	581	330	8	2693	984	109	664	6.69e-116	377
Contig_16_Len3304_Cov64_E	Op_me_mmus_ENSMUSP00000073268_OG5_127599	36.6	598	340	9	2693	933	109	678	6.69e-116	377
Contig_16_Len3304_Cov64_E	Op_me_ptro_ENSPTRP00000004326_OG5_127599	37.0	581	330	8	2693	984	109	664	6.69e-116	377
Contig_16_Len3304_Cov64_E	Op_me_trub_ENSTRUP00000002807_OG5_127599	36.4	605	346	9	2714	933	105	681	3.83e-115	375
Contig_16_Len3304_Cov64_E	Op_me_tnig_ENSTNIP00000011460_OG5_127599	36.3	590	343	8	2693	957	107	674	9.82e-115	374
Contig_16_Len3304_Cov64_E	Op_me_tadh_egw1.12.44.1_OG5_127599	35.0	585	343	11	2693	984	4	566	4.54e-113	367
Contig_16_Len3304_Cov64_E	Op_me_agam_AGAP009798-PAm_OG5_127599	36.3	589	338	10	2681	948	378	940	1.10e-112	376
Contig_16_Len3304_Cov64_E	Op_me_aaeg_AAEL013214-PAm_OG5_127599	36.1	593	343	11	2693	948	390	957	1.58e-112	376
Contig_16_Len3304_Cov64_E	Op_me_aaeg_AAEL007826-PAm_OG5_127599	37.4	591	330	12	2693	960	250	813	1.85e-112	372
Contig_16_Len3304_Cov64_E	Op_me_amel_XP001122119_OG5_127599	34.7	613	355	12	2738	960	123	710	1.39e-111	367
Contig_17_Len3084_Cov120_E	Op_me_agam_AGAP011092-PAm_OG5_126795	34.2	854	322	19	116	2620	2	634	4.26e-96	321
Contig_17_Len3084_Cov120_E	Op_me_ggal_ENSGALP00000006018_OG5_126795	34.0	841	315	20	107	2605	8	616	7.36e-94	315
Contig_17_Len3084_Cov120_E	Op_me_drer_ENSDARP00000021064_OG5_126795	33.6	845	318	17	107	2608	8	620	8.16e-94	315
Contig_17_Len3084_Cov120_E	Op_me_mmus_ENSMUSP00000001809_OG5_126795	33.6	855	306	20	107	2608	8	621	3.16e-92	311
Contig_17_Len3084_Cov120_E	Op_me_rnor_ENSRNOP00000012775_OG5_126795	33.6	855	306	20	107	2608	8	621	3.16e-92	311
Contig_17_Len3084_Cov120_E	Op_me_hsap_ENSP00000313007_OG5_126795	33.5	855	307	20	107	2608	8	621	8.42e-92	310
Contig_17_Len3084_Cov120_E	Op_me_clup_ENSCAFP00000000810_OG5_126795	33.5	855	307	20	107	2608	8	621	8.42e-92	310
Contig_17_Len3084_Cov120_E	Op_me_mmul_XP001098239_OG5_126795	33.5	855	307	20	107	2608	8	621	8.42e-92	310
Contig_17_Len3084_Cov120_E	Op_me_oana_ENSOANP00000011633_OG5_126795	33.6	846	307	20	107	2608	8	610	8.84e-92	309
Contig_17_Len3084_Cov120_E	Op_me_trub_ENSTRUP00000029262_OG5_126795	33.5	846	323	19	107	2608	8	625	1.26e-91	309
Contig_17_Len3084_Cov120_E	Op_me_amel_XP396057_OG5_126795	33.6	844	322	21	107	2608	8	623	9.90e-91	306
Contig_17_Len3084_Cov120_E	Op_me_mdom_ENSMODP00000007717_OG5_126795	34.0	842	318	21	107	2608	8	619	5.60e-90	305
Contig_17_Len3084_Cov120_E	Op_me_ggal_ENSGALP00000006555_OG5_126795	33.3	836	327	20	107	2599	8	617	1.42e-89	303
Contig_17_Len3084_Cov120_E	Op_me_mdom_ENSMODP00000027586_OG5_126795	33.2	849	312	21	116	2608	9	620	5.64e-89	302
Contig_17_Len3084_Cov120_E	Op_me_mmus_ENSMUSP00000079967_OG5_126795	33.2	840	307	20	107	2605	8	600	3.35e-88	299
Contig_17_Len3084_Cov120_E	Sr_ap_pcha_PCHAS144120_OG5_126795	36.9	864	458	24	107	2593	13	824	4.13e-88	305
Contig_17_Len3084_Cov120_E	Op_me_bmaa_14232.m00259_OG5_126795	32.5	836	347	19	107	2587	15	642	4.15e-88	300
Contig_17_Len3084_Cov120_E	Op_me_tnig_ENSTNIP00000016297_OG5_126795	33.3	850	325	19	107	2608	8	631	5.09e-88	300
Contig_17_Len3084_Cov120_E	Op_ic_Sarc_Contig1834length1962_OG5_126795	33.7	833	314	23	113	2596	45	644	1.64e-87	298
Contig_17_Len3084_Cov120_E	Sr_ap_cmur_CMU031040_OG5_126795	33.4	851	417	23	86	2587	2	719	1.64e-87	300
Contig_17_Len3084_Cov120_E	Op_me_oana_ENSOANP00000015854_OG5_126795	33.0	855	328	20	107	2605	8	639	2.27e-87	298
Contig_17_Len3084_Cov120_E	Op_me_mdom_ENSMODP00000022014_OG5_126795	32.7	853	336	22	107	2605	8	642	4.67e-87	297
Contig_17_Len3084_Cov120_E	Op_me_ecab_XP001503500_OG5_126795	33.0	840	338	18	107	2605	8	629	6.69e-87	296
Contig_17_Len3084_Cov120_E	Op_me_ptro_ENSPTRP00000046044_OG5_126795	33.2	855	307	22	107	2608	8	619	7.26e-87	296
Contig_17_Len3084_Cov120_E	Op_me_mmul_XP001091129_OG5_126795	32.7	843	330	18	107	2608	8	622	1.50e-86	295
Contig_7_Len3796_Cov18_P	Ba_pa_bsui_NP699054_OG5_129971	47.7	447	209	6	3463	2153	3	434	1.08e-119	382
Contig_7_Len3796_Cov18_P	Pl_rh_cmer_CMT122C_OG5_129971	48.7	448	210	8	3460	2153	105	544	1.33e-116	378
Contig_7_Len3796_Cov18_P	Sr_st_Pinf_002907189Contig4396Len1554_OG5_129971	46.8	444	216	7	3460	2153	86	517	4.24e-115	373
Contig_7_Len3796_Cov18_P	Sr_st_Ptri_002186384Contig4126Len1347_OG5_129971	47.2	453	217	8	3460	2153	1	448	1.82e-114	369
Contig_7_Len3796_Cov18_P	Sr_st_pram_fgenesh1pm.Cscaffold49000007_OG5_129971	46.6	444	217	7	3460	2153	62	493	2.04e-113	367
Contig_7_Len3796_Cov18_P	Sr_st_tpse_estExtfgenesh1pg.Cchr10921_OG5_129971	46.6	457	218	7	3460	2153	106	557	1.03e-112	368
Contig_7_Len3796_Cov18_P	Ba_pa_atum_NP353084_OG5_129971	45.8	445	217	6	3457	2153	5	435	2.35e-112	362
Contig_7_Len3796_Cov18_P	Sr_pe_Perk_002774451Contig4141Len1467_OG5_129971	47.0	447	225	7	3472	2153	47	488	4.69e-112	363
Contig_7_Len3796_Cov18_P	Sr_pe_Perk_002765040Contig4139Len1467_OG5_129971	47.0	447	225	7	3472	2153	47	488	4.69e-112	363
Contig_7_Len3796_Cov18_P	Ba_pa_rpro_NP220703.1_OG5_129971	47.6	450	216	9	3472	2153	11	450	1.97e-111	360
Contig_7_Len3796_Cov18_P	Ba_pa_rtyp_YP067272_OG5_129971	47.9	451	213	10	3472	2153	11	450	7.37e-111	359
Contig_7_Len3796_Cov18_P	Pl_rh_Gsul_005704485Contig1650Len1647_OG5_129971	46.5	452	222	6	3490	2153	111	548	1.09e-110	362
Contig_7_Len3796_Cov18_P	Ba_pa_wend_YP001975515_OG5_129971	46.1	447	216	8	3460	2153	51	483	2.89e-110	358
Contig_7_Len3796_Cov18_P	Ba_aq_aaeo_NP213134_OG5_129971	45.8	459	205	6	3460	2153	13	450	1.02e-109	356
Contig_7_Len3796_Cov18_P	Sr_ch_Vbra_Contig6156length1851_OG5_129971	46.1	462	218	7	3460	2153	155	611	6.71e-109	359
Contig_7_Len3796_Cov18_P	Pl_gr_crei_196545_OG5_129971	44.0	461	235	6	3484	2153	105	559	3.95e-108	355
Contig_7_Len3796_Cov18_P	Ex_eu_lmaj_LmjF.15.0090_OG5_129971	45.0	436	227	5	3460	2153	1	423	8.29e-108	350
Contig_7_Len3796_Cov18_P	Ex_eu_linf_LinJ.15.0090_OG5_129971	45.0	436	227	5	3460	2153	1	423	8.29e-108	350
Contig_7_Len3796_Cov18_P	Ex_eu_tcon_TcIL3000.5.1430_OG5_129971	44.6	437	230	5	3463	2153	51	475	8.29e-108	352
Contig_7_Len3796_Cov18_P	Ex_eu_tcon_TcIL3000.0.05260_OG5_129971	44.6	437	230	5	3463	2153	52	476	8.55e-108	352
Contig_7_Len3796_Cov18_P	Ex_eu_lmex_LmxM.15.0090_OG5_129971	45.0	436	227	5	3460	2153	1	423	1.15e-107	349
Contig_7_Len3796_Cov18_P	Ba_pg_yent_YP001004498.1_OG5_129971	45.2	456	214	8	3460	2153	4	443	2.18e-107	349
Contig_7_Len3796_Cov18_P	Ba_pg_ftul_YP169703_OG5_129971	44.4	468	211	8	3460	2153	5	455	2.29e-107	350
Contig_7_Len3796_Cov18_P	Ex_eu_lbra_LbrM.15.0090_OG5_129971	45.0	436	227	5	3460	2153	34	456	2.36e-107	350
Contig_7_Len3796_Cov18_P	Pl_gr_vcar_XP002948312_OG5_129971	44.1	474	217	8	3460	2153	1	464	2.54e-107	354
Contig_10_Len3674_Cov53_U	Op_me_phum_PHUM390660_OG5_127177	32.9	695	368	21	3205	1157	106	714	6.15e-101	345
Contig_10_Len3674_Cov53_U	Op_me_amel_XP394245_OG5_127177	30.0	800	451	22	3538	1166	11	710	2.87e-97	334
Contig_10_Len3674_Cov53_U	Op_me_bmor_BGIBMGA011674_OG5_127177	31.8	650	357	18	3205	1292	100	675	2.57e-96	332
Contig_10_Len3674_Cov53_U	Op_me_dmel_FBpp0072583_OG5_127177	29.0	803	464	21	3538	1154	217	921	9.06e-96	335
Contig_10_Len3674_Cov53_U	Op_me_agam_AGAP005728-PAm_OG5_127177	29.7	751	430	23	3538	1310	161	821	2.23e-91	321
Contig_10_Len3674_Cov53_U	Op_me_cpip_CPIJ008439_OG5_127177	30.2	765	423	24	3559	1310	3	671	6.06e-91	317
Contig_10_Len3674_Cov53_U	Op_me_tadh_egw1.3.873.1_OG5_127177	31.7	671	392	19	3538	1547	11	622	2.13e-90	315
Contig_10_Len3674_Cov53_U	Op_me_nvec_estExtfgenesh1pg.C350083_OG5_127177	30.5	652	384	16	3538	1604	10	599	2.88e-90	315
Contig_10_Len3674_Cov53_U	Op_me_cint_ENSCINP00000014130_OG5_127177	31.4	676	387	18	3538	1568	10	627	6.69e-90	314
Contig_10_Len3674_Cov53_U	Op_me_trub_ENSTRUP00000015481_OG5_127177	30.9	716	403	21	3538	1424	44	678	3.18e-89	313
Contig_10_Len3674_Cov53_U	Op_me_tnig_ENSTNIP00000009054_OG5_127177	30.7	716	405	21	3538	1424	23	658	1.04e-88	311
Contig_10_Len3674_Cov53_U	Am_di_Acas_Contig1597length2532_OG5_127177	31.2	650	378	15	3535	1604	12	598	7.59e-88	307
Contig_10_Len3674_Cov53_U	Op_me_mdom_ENSMODP00000015716_OG5_127177	30.2	718	414	22	3538	1415	9	649	1.91e-87	307
Contig_10_Len3674_Cov53_U	Op_me_aaeg_AAEL012918-PAm_OG5_127177	29.3	761	435	24	3562	1310	1	668	2.75e-87	306
Contig_10_Len3674_Cov53_U	Op_me_hsap_ENSP00000320324_OG5_127177	30.7	717	412	23	3538	1415	53	693	1.08e-86	306
Contig_10_Len3674_Cov53_U	Op_me_ptro_ENSPTRP00000015864_OG5_127177	30.7	717	412	23	3538	1415	53	693	1.08e-86	306
Contig_10_Len3674_Cov53_U	Op_fu_cgla_XP445960_OG5_127177	31.3	720	402	23	3535	1394	9	641	5.85e-86	302
Contig_10_Len3674_Cov53_U	Op_me_rnor_ENSRNOP00000033290_OG5_127177	30.4	718	413	22	3538	1415	54	694	9.70e-86	303
Contig_10_Len3674_Cov53_U	Pl_gr_ppat_estExtGenewise1.C2920035_OG5_127177	33.5	555	307	11	3538	1877	41	534	3.25e-85	301
Contig_10_Len3674_Cov53_U	Op_fu_scer_scers288cYKL157W_OG5_127177	31.1	718	408	18	3535	1394	86	720	3.31e-85	301
Contig_10_Len3674_Cov53_U	Op_me_mmus_ENSMUSP00000001480_OG5_127177	30.3	717	415	22	3538	1415	54	694	4.59e-85	301
Contig_10_Len3674_Cov53_U	Op_me_ecab_XP001498969_OG5_127177	32.5	609	338	18	3199	1415	73	622	1.13e-84	298
Contig_10_Len3674_Cov53_U	Op_me_ggal_ENSGALP00000022242_OG5_127177	31.3	683	383	21	3424	1415	1	610	8.15e-84	296
Contig_10_Len3674_Cov53_U	Op_me_mmul_XP001082709_OG5_127177	32.6	592	336	17	3163	1415	1	538	3.23e-83	292
Contig_10_Len3674_Cov53_U	Op_me_clup_ENSCAFP00000024488_OG5_127177	32.3	607	344	18	3199	1415	59	610	5.19e-83	293
