Contig_1_Len5848_Cov25_E	Sr_rh_Rfil_Contig9705length1170_OG5_130407	43.7	341	180	5	181	1194	47	378	2.94e-92	309
Contig_1_Len5848_Cov25_E	Sr_rh_Rfil_Contig7358length1335_OG5_130407	43.1	385	178	9	97	1188	15	379	3.30e-91	307
Contig_1_Len5848_Cov25_E	Am_my_ddis_DDBG0279807_OG5_126632	38.3	530	277	11	1289	2863	1	485	3.41e-89	309
Contig_1_Len5848_Cov25_E	Sr_st_Ptri_002181552Contig5913Len1041_OG5_126632	44.8	353	181	5	1328	2365	2	347	9.73e-84	283
Contig_1_Len5848_Cov25_E	Pl_gr_otau_fgenesh1pm.CChr05.0001000023_OG5_126632	36.3	529	257	10	1352	2905	3	462	2.84e-82	284
Contig_1_Len5848_Cov25_E	Op_me_tadh_gw1.28.26.1_OG5_126632	36.9	488	265	11	1313	2761	4	453	5.43e-82	282
Contig_1_Len5848_Cov25_E	Op_me_mmul_XP002808558_OG5_126632	37.4	486	274	10	1310	2761	255	712	2.10e-80	290
Contig_1_Len5848_Cov25_E	Op_me_mmus_ENSMUSP00000076850_OG5_126632	37.4	486	274	10	1310	2761	255	712	2.56e-80	289
Contig_1_Len5848_Cov25_E	Op_me_mmul_XP001098651_OG5_126632	35.6	526	299	11	1220	2761	52	549	1.00e-79	279
Contig_1_Len5848_Cov25_E	Op_ic_Cowc_004347913Contig1939Len2583_OG5_126632	35.7	527	297	9	1328	2908	259	743	3.13e-79	286
Contig_1_Len5848_Cov25_E	Pl_rh_Gsul_005703641Contig1801Len1590_OG5_126632	34.9	536	300	12	1316	2878	3	504	3.73e-79	276
Contig_1_Len5848_Cov25_E	Op_me_rnor_ENSRNOP00000021434_OG5_126632	35.9	499	288	9	1277	2761	38	508	5.90e-79	279
Contig_1_Len5848_Cov25_E	Op_me_mdom_ENSMODP00000013972_OG5_126632	37.4	487	274	11	1310	2761	252	710	7.13e-79	285
Contig_1_Len5848_Cov25_E	Op_me_ecab_XP001916387_OG5_126632	36.1	504	280	10	1277	2761	163	633	1.51e-78	281
Contig_1_Len5848_Cov25_E	Op_me_trub_ENSTRUP00000040837_OG5_126632	36.9	482	269	10	1328	2761	144	594	2.97e-78	280
Contig_1_Len5848_Cov25_E	Op_me_hsap_ENSP00000402831_OG5_126632	37.4	487	274	11	1310	2761	255	713	3.30e-78	283
Contig_1_Len5848_Cov25_E	Op_me_ptro_ENSPTRP00000005116_OG5_126632	37.4	487	274	11	1310	2761	255	713	3.30e-78	283
Contig_1_Len5848_Cov25_E	Op_me_mmus_ENSMUSP00000048049_OG5_126632	36.1	499	287	10	1277	2761	38	508	4.90e-78	276
Contig_1_Len5848_Cov25_E	Op_me_rnor_ENSRNOP00000051583_OG5_126632	37.4	487	274	11	1310	2761	255	713	5.97e-78	282
Contig_1_Len5848_Cov25_E	Op_me_hsap_ENSP00000366275_OG5_126632	36.3	499	286	10	1277	2761	168	638	7.45e-78	280
Contig_1_Len5848_Cov25_E	Op_me_bmor_BGIBMGA009563_OG5_126632	34.0	541	312	9	1328	2899	137	649	3.52e-77	276
Contig_1_Len5848_Cov25_E	Op_me_clup_ENSCAFP00000003495_OG5_126632	36.1	499	287	10	1277	2761	188	658	3.63e-77	278
Contig_1_Len5848_Cov25_E	Op_me_tnig_ENSTNIP00000018706_OG5_126632	36.7	482	269	11	1328	2761	154	603	3.64e-77	276
Contig_1_Len5848_Cov25_E	Op_me_drer_ENSDARP00000098293_OG5_126632	37.4	486	273	12	1310	2758	166	623	4.19e-77	278
Contig_1_Len5848_Cov25_E	Op_me_drer_ENSDARP00000101818_OG5_126632	36.3	487	272	12	1322	2761	135	590	5.26e-77	276
Contig_2_Len5783_Cov25_E	Sr_rh_Rfil_Contig11318length1083_OG5_127093	56.0	364	151	4	5342	4263	1	359	4.84e-120	387
Contig_2_Len5783_Cov25_E	Sr_ch_Vbra_Contig6845length1743_OG5_127093	42.6	472	254	7	5669	4257	112	567	5.41e-114	379
Contig_2_Len5783_Cov25_E	Pl_gr_atha_NP568170_OG5_127093	39.9	439	234	9	5558	4263	146	561	1.73e-96	328
Contig_2_Len5783_Cov25_E	Am_my_ddis_ldhd_OG5_127093	37.3	474	280	7	5675	4257	90	547	3.97e-92	315
Contig_2_Len5783_Cov25_E	Pl_gr_rcom_29333.m001099_OG5_127093	39.2	434	244	9	5558	4263	134	549	1.02e-91	313
Contig_2_Len5783_Cov25_E	Ba_pb_rsol_NP520785_OG5_127093	38.9	470	268	10	5669	4266	17	469	2.73e-91	309
Contig_2_Len5783_Cov25_E	Ba_pb_bpse_YP334712.1_OG5_127093	38.3	465	270	8	5651	4257	20	467	8.52e-91	308
Contig_2_Len5783_Cov25_E	Ba_pb_bmal_YP103968_OG5_127093	38.3	465	270	8	5651	4257	20	467	1.16e-90	307
Contig_2_Len5783_Cov25_E	Pl_rh_Gsul_005705157Contig1546Len1692_OG5_127093	36.3	488	284	10	5702	4266	83	552	4.99e-90	309
Contig_2_Len5783_Cov25_E	Pl_gr_ppat_estExtgwpgw1.C180056_OG5_127093	37.2	430	243	9	5534	4263	7	415	3.73e-87	295
Contig_2_Len5783_Cov25_E	Op_fu_ncra_NCU00904T0_OG5_127093	38.5	486	270	11	5696	4263	118	582	3.87e-87	301
Contig_2_Len5783_Cov25_E	Op_fu_afum_Afu3g06820_OG5_127093	35.6	466	283	10	5654	4266	117	568	4.28e-85	295
Contig_2_Len5783_Cov25_E	Op_fu_aory_AO090038000632_OG5_127093	38.5	439	251	8	5567	4257	169	590	7.98e-85	295
Contig_2_Len5783_Cov25_E	Op_fu_aory_AO090010000369_OG5_127093	37.7	453	253	12	5597	4266	44	476	8.04e-85	291
Contig_2_Len5783_Cov25_E	Op_fu_cpos_CPAG02501_OG5_127093	34.0	485	296	11	5696	4266	86	554	2.30e-84	292
Contig_2_Len5783_Cov25_E	Op_fu_cimm_CIMG00393T0_OG5_127093	33.8	485	297	11	5696	4266	86	554	7.79e-84	291
Contig_2_Len5783_Cov25_E	Pl_rh_cmer_CMQ347C_OG5_127093	36.0	486	261	11	5606	4263	104	577	1.43e-83	291
Contig_2_Len5783_Cov25_E	Op_fu_anid_AN4792_OG5_127093	35.4	449	274	8	5606	4266	128	562	1.73e-83	290
Contig_2_Len5783_Cov25_E	Op_fu_scer_scers288cYDL174C_OG5_127093	36.6	483	279	12	5675	4266	104	572	2.76e-83	290
Contig_2_Len5783_Cov25_E	Op_me_drer_ENSDARP00000056720_OG5_127093	35.6	500	276	14	5681	4257	12	490	1.00e-82	285
Contig_2_Len5783_Cov25_E	Op_fu_ncra_NCU08126T0_OG5_127093	36.8	462	272	11	5633	4266	125	572	1.89e-82	287
Contig_2_Len5783_Cov25_E	Op_ic_Cowc_011270803Contig3080Len1959_OG5_127093	38.2	448	250	7	5561	4257	200	633	1.94e-82	290
Contig_2_Len5783_Cov25_E	Op_fu_ncra_NCU02179T0_OG5_127093	38.3	454	257	11	5606	4266	138	575	2.04e-82	287
Contig_2_Len5783_Cov25_E	Op_fu_aory_AO090003001006_OG5_127093	35.8	486	288	11	5696	4257	99	566	2.56e-82	287
Contig_2_Len5783_Cov25_E	Op_fu_afum_Afu1g00510_OG5_127093	35.8	486	288	11	5696	4257	101	568	2.70e-82	287
Contig_3_Len5610_Cov68_E	Sr_rh_Rfil_Contig4134length1713_OG5_126632	36.1	454	232	8	5558	4338	10	452	1.84e-78	275
Contig_3_Len5610_Cov68_E	Sr_rh_Rfil_Contig14941length924_OG5_126632	42.1	311	165	5	5402	4473	8	304	1.26e-66	232
Contig_3_Len5610_Cov68_E	Sr_rh_Rfil_Contig8478length1248_OG5_126632	39.5	420	217	10	5540	4341	9	411	1.85e-66	235
Contig_3_Len5610_Cov68_E	Op_ic_Cowc_004345603Contig3374Len1836_OG5_126632	40.8	358	178	9	5378	4335	114	447	3.29e-60	223
Contig_3_Len5610_Cov68_E	Sr_rh_Rfil_Contig15534length900_OG5_126632	39.4	292	159	3	5231	4386	11	294	2.97e-59	210
Contig_3_Len5610_Cov68_E	Sr_rh_Rfil_Contig8236length1266_OG5_126632	33.7	416	225	9	5513	4341	18	407	2.31e-57	209
Contig_3_Len5610_Cov68_E	Op_me_cint_ENSCINP00000002282_OG5_126632	35.8	424	228	10	5381	4140	37	426	3.53e-55	203
Contig_3_Len5610_Cov68_E	Sr_st_Pinf_002909317Contig4629Len1512_OG5_126632	30.3	476	258	9	5381	4119	34	490	9.01e-52	195
Contig_3_Len5610_Cov68_E	Sr_st_pram_fgenesh1pg.Cscaffold104000013_OG5_126632	30.8	461	249	9	5357	4140	29	474	9.79e-52	195
Contig_3_Len5610_Cov68_E	Sr_ch_Vbra_Contig4968length2088_OG5_126632	34.4	419	227	9	5381	4215	62	462	4.67e-51	197
Contig_3_Len5610_Cov68_E	Sr_rh_Rfil_Contig4200length1701_OG5_126632	31.2	442	245	11	5558	4365	4	430	7.25e-51	194
Contig_3_Len5610_Cov68_E	Sr_st_pram_fgenesh1pg.Cscaffold104000016_OG5_126632	31.0	458	209	12	5366	4224	6	433	2.08e-50	191
Contig_3_Len5610_Cov68_E	Pl_gr_atha_NP200091_OG5_126632	35.3	391	193	9	5381	4338	15	388	1.42e-49	189
Contig_3_Len5610_Cov68_E	Pl_gr_rcom_30169.m006589_OG5_126632	34.7	424	204	13	5369	4266	19	425	2.36e-49	188
Contig_3_Len5610_Cov68_E	Pl_gr_ppat_estExtgwpgw1.C3550051_OG5_126632	33.0	397	199	10	5381	4338	16	394	1.76e-48	185
Contig_3_Len5610_Cov68_E	Pl_gr_rcom_30170.m014038_OG5_126632	35.1	359	202	11	5381	4338	14	352	2.21e-47	180
Contig_3_Len5610_Cov68_E	Pl_gr_atha_NP193159_OG5_126632	33.6	408	194	11	5378	4338	37	428	3.88e-47	181
Contig_3_Len5610_Cov68_E	Pl_gr_rcom_28153.m000279_OG5_126632	31.9	414	197	10	5381	4335	35	428	4.86e-47	181
Contig_3_Len5610_Cov68_E	Pl_gr_atha_NP193160_OG5_126632	32.8	406	198	10	5378	4338	38	427	5.13e-47	181
Contig_3_Len5610_Cov68_E	Pl_gr_ppat_egw1.196.32.1_OG5_126632	32.1	414	198	13	5378	4338	15	412	1.13e-46	178
Contig_3_Len5610_Cov68_E	Am_di_Acas_Contig7239length1050_OG5_126632	34.8	351	198	5	5333	4284	2	322	1.22e-46	176
Contig_3_Len5610_Cov68_E	Pl_gr_rcom_29726.m003904_OG5_126632	31.6	412	204	8	5381	4338	35	432	2.71e-46	179
Contig_3_Len5610_Cov68_E	Pl_gr_atha_NP001031633_OG5_126632	32.5	406	190	10	5378	4338	38	418	3.50e-46	178
Contig_3_Len5610_Cov68_E	Op_me_nvec_fgenesh1pg.scaffold447000002_OG5_126632	34.2	360	199	8	5381	4335	36	368	5.42e-46	177
Contig_3_Len5610_Cov68_E	Am_di_Acas_Contig5241length1356_OG5_126632	34.7	363	185	8	5357	4332	87	418	7.66e-46	176
Contig_5_Len5359_Cov56_E	Sr_rh_Rfil_Contig34276length423_OG5_127138	72.3	112	27	1	5264	4929	1	108	3.46e-43	158
Contig_5_Len5359_Cov56_E	Op_me_cint_ENSCINP00000022141_OG5_127138	61.6	99	38	0	5264	4968	1	99	7.86e-33	127
Contig_5_Len5359_Cov56_E	Sr_ch_Vbra_Contig21572length342_OG5_127138	58.6	99	41	0	5264	4968	1	99	8.89e-33	127
Contig_5_Len5359_Cov56_E	Sr_st_Ptri_002183830Contig10142Len315_OG5_127138	61.6	99	38	0	5264	4968	1	99	1.25e-32	126
Contig_5_Len5359_Cov56_E	Sr_ap_pber_PBANKA031450_OG5_127138	62.1	95	36	0	5264	4980	1	95	1.37e-32	126
Contig_5_Len5359_Cov56_E	Sr_ap_pyoe_PY04712_OG5_127138	62.1	95	36	0	5264	4980	1	95	1.37e-32	126
Contig_5_Len5359_Cov56_E	Sr_ap_pkno_PKH040230_OG5_127138	62.1	95	36	0	5264	4980	1	95	1.37e-32	126
Contig_5_Len5359_Cov56_E	Sr_ap_pcha_PCHAS031660_OG5_127138	62.1	95	36	0	5264	4980	1	95	1.37e-32	126
Contig_5_Len5359_Cov56_E	Sr_st_Aana_Contig10737length315_OG5_127138	57.7	104	44	0	5264	4953	1	104	2.33e-32	125
Contig_5_Len5359_Cov56_E	Sr_ap_pviv_PVX002650_OG5_127138	61.1	95	37	0	5264	4980	1	95	3.49e-32	125
Contig_5_Len5359_Cov56_E	Sr_ap_pfal_PFB0830w_OG5_127138	61.1	95	37	0	5264	4980	1	95	3.49e-32	125
Contig_5_Len5359_Cov56_E	Sr_ap_ncan_NCLIV018290_OG5_127138	60.2	98	39	0	5264	4971	1	98	2.38e-30	120
Contig_5_Len5359_Cov56_E	Sr_st_tpse_gw1.6.635.1_OG5_127138	62.0	92	35	0	5246	4971	1	92	4.60e-30	119
Contig_5_Len5359_Cov56_E	EE_cr_Gthe_005831381Contig22038Len348_OG5_127138	56.6	99	43	0	5264	4968	1	99	4.71e-30	119
Contig_5_Len5359_Cov56_E	Sr_ap_tgon_TGME49043570_OG5_127138	59.2	98	40	0	5264	4971	1	98	5.86e-30	119
Contig_5_Len5359_Cov56_E	Pl_gr_rcom_29729.m002352_OG5_127138	53.8	104	48	0	5264	4953	1	104	7.95e-30	119
Contig_5_Len5359_Cov56_E	Pl_gr_rcom_29648.m001970_OG5_127138	53.8	104	48	0	5264	4953	1	104	7.95e-30	119
Contig_5_Len5359_Cov56_E	Op_me_nvec_estExtGenewiseH1.C30130_OG5_127138	53.8	104	48	0	5264	4953	1	104	9.02e-30	119
Contig_5_Len5359_Cov56_E	Op_me_cbri_WBGene00038931_OG5_127138	51.9	106	51	0	5264	4947	1	106	1.27e-29	118
Contig_5_Len5359_Cov56_E	Op_me_tadh_estExtGenewise1Plus.C20059_OG5_127138	54.5	99	45	0	5264	4968	1	99	2.30e-29	117
Contig_5_Len5359_Cov56_E	Op_me_cele_WBGene00004495_OG5_127138	51.9	106	51	0	5264	4947	1	106	2.37e-29	117
Contig_5_Len5359_Cov56_E	Pl_gr_rcom_27687.m000066_OG5_127138	52.9	104	49	0	5264	4953	1	104	2.75e-29	118
Contig_5_Len5359_Cov56_E	Sr_ci_Scer_OMJ79924Contig29664Len342_OG5_127138	54.8	104	47	0	5264	4953	1	104	3.90e-29	117
Contig_5_Len5359_Cov56_E	Op_fu_spom_NP593922_OG5_127138	54.1	111	49	1	5264	4932	1	109	4.69e-29	117
Contig_5_Len5359_Cov56_E	Sr_ap_bbov_XP001611426.1_OG5_127138	57.9	95	40	0	5264	4980	1	95	1.05e-28	115
Contig_6_Len5341_Cov18_E	Sr_rh_Rfil_Contig6719length1389_OG5_162869	41.0	363	187	7	5102	4083	58	416	1.63e-87	297
Contig_6_Len5341_Cov18_E	Sr_rh_Rfil_Contig8627length1239_OG5_162869	41.0	361	173	6	5123	4083	57	391	2.31e-82	281
Contig_6_Len5341_Cov18_E	Sr_rh_Rfil_Contig8201length1269_OG5_162869	33.4	362	226	8	5135	4056	63	411	1.18e-62	224
Contig_6_Len5341_Cov18_E	Sr_st_Aana_Contig8943length573_OG5_162869	50.0	190	92	1	4622	4053	1	187	1.96e-59	206
Contig_6_Len5341_Cov18_E	EE_ha_Ehux_005791035Contig12408Len1095_OG5_162869	37.1	345	174	9	5048	4053	33	347	1.29e-56	204
Contig_6_Len5341_Cov18_E	Sr_st_tpse_thaps1_ua_kg.chr_13000058_OG5_162869	43.0	237	113	7	4715	4053	12	242	9.04e-49	178
Contig_6_Len5341_Cov18_E	Sr_st_Ptri_002186443Contig8160Len693_OG5_162869	44.8	223	96	7	4655	4059	1	220	9.57e-45	166
Contig_6_Len5341_Cov18_E	Sr_st_tpse_thaps1_ua_kg.chr_14000084_OG5_162869	42.9	210	99	6	4649	4059	1	202	6.53e-42	157
Contig_6_Len5341_Cov18_E	Sr_st_Ptri_002182546Contig8876Len579_OG5_162869	42.7	199	101	6	4643	4068	1	193	1.40e-40	152
Contig_6_Len5341_Cov18_E	Sr_rh_Rfil_Contig11484length1074_OG5_162869	30.1	289	174	7	4871	4077	26	310	1.25e-34	139
Contig_6_Len5341_Cov18_E	Sr_st_tpse_thaps1_ua_kg.chr_8000112_OG5_162869	34.1	208	118	4	4637	4071	2	209	2.58e-32	129
Contig_6_Len5341_Cov18_E	EE_ap_Ttra_Contig7858length903_OG5_128524	36.3	234	106	10	4664	4062	71	294	5.00e-31	129
Contig_6_Len5341_Cov18_E	Op_me_tadh_fgeneshTA2pg.Cscaffold12000250_OG5_128524	30.2	242	141	6	4643	3960	345	572	4.45e-28	125
Contig_6_Len5341_Cov18_E	Sr_rh_Rfil_Contig8702length1233_OG5_162869	25.1	287	186	7	4895	4053	128	391	4.46e-27	119
Contig_6_Len5341_Cov18_E	Op_me_mdom_ENSMODP00000000142_OG5_128524	35.2	196	103	5	4622	4068	338	520	2.25e-25	117
Contig_6_Len5341_Cov18_E	Op_me_clup_ENSCAFP00000021502_OG5_128524	35.2	196	103	6	4622	4068	335	517	5.18e-25	115
Contig_6_Len5341_Cov18_E	Op_me_ecab_XP001918136_OG5_128524	35.2	196	103	6	4622	4068	335	517	5.18e-25	115
Contig_6_Len5341_Cov18_E	Op_me_hsap_ENSP00000362099_OG5_128524	34.7	196	104	5	4622	4068	335	517	6.90e-25	115
Contig_6_Len5341_Cov18_E	Op_me_ptro_ENSPTRP00000004547_OG5_128524	34.7	196	104	5	4622	4068	335	517	6.90e-25	115
Contig_6_Len5341_Cov18_E	Op_me_mmus_ENSMUSP00000101106_OG5_128524	34.7	196	104	5	4622	4068	335	517	1.23e-24	114
Contig_6_Len5341_Cov18_E	Sr_st_Pinf_002905660Contig11930Len648_OG5_128524	32.9	219	108	8	4622	4053	3	211	5.74e-24	105
Contig_6_Len5341_Cov18_E	Sr_st_pram_fgenesh1pg.Cscaffold4000054_OG5_128524	32.3	235	122	8	4673	4053	198	423	6.96e-24	110
Contig_6_Len5341_Cov18_E	Op_me_cele_WBGene00004025_OG5_128524	31.7	221	127	6	4643	4014	318	525	9.47e-24	112
Contig_6_Len5341_Cov18_E	Op_me_tadh_fgeneshTA2pg.Cscaffold12000259_OG5_142989	34.0	206	113	7	4655	4068	93	285	9.81e-23	104
Contig_6_Len5341_Cov18_E	EE_ha_Ehux_005772835Contig18437Len846_OG5_142989	30.2	225	113	7	4622	4053	8	223	1.09e-22	103
Contig_7_Len5306_Cov41_E	Sr_rh_Rfil_Contig4808length1608_OG5_126588	35.2	545	262	16	4308	2854	3	516	3.89e-82	284
Contig_7_Len5306_Cov41_E	Sr_rh_Rfil_Contig15496length903_OG5_126588	37.5	312	157	9	4308	3385	3	280	1.22e-53	194
Contig_7_Len5306_Cov41_E	Op_fu_calb_calbsc5314orf19.2013_OG5_126588	32.2	571	316	20	4416	2722	53	558	3.75e-52	201
Contig_7_Len5306_Cov41_E	Op_fu_calb_CAWT03887_OG5_126588	32.2	571	316	20	4416	2722	53	558	3.75e-52	201
Contig_7_Len5306_Cov41_E	Sr_rh_Rfil_Contig11942length1053_OG5_126588	33.7	359	204	9	3726	2695	3	342	4.70e-51	188
Contig_7_Len5306_Cov41_E	Op_fu_psti_XP001382815_OG5_126588	31.5	571	320	21	4416	2722	49	554	1.17e-50	196
Contig_7_Len5306_Cov41_E	Op_fu_dhan_XP456398_OG5_126588	30.0	600	346	21	4416	2635	53	584	2.91e-50	195
Contig_7_Len5306_Cov41_E	Ex_he_Ngru_Contig3259length2004_OG5_126588	30.7	590	342	20	4425	2668	38	564	4.13e-50	194
Contig_7_Len5306_Cov41_E	Ex_he_Ngru_Contig2887length2130_OG5_126588	30.4	585	324	20	4440	2722	48	561	4.14e-50	195
Contig_7_Len5306_Cov41_E	Op_me_nvec_estExtGenewiseH1.C1440015_OG5_126588	29.7	579	349	18	4425	2695	5	527	4.62e-50	194
Contig_7_Len5306_Cov41_E	Am_ar_edis_EDI027670_OG5_126588	28.8	576	341	19	4431	2722	27	539	1.67e-49	192
Contig_7_Len5306_Cov41_E	Sr_st_Pinf_002909118Contig2837Len1971_OG5_126588	29.6	581	346	18	4425	2695	29	550	2.05e-49	192
Contig_7_Len5306_Cov41_E	Am_ar_ehis_EHI199590_OG5_126588	28.8	576	341	19	4431	2722	26	538	2.21e-49	192
Contig_7_Len5306_Cov41_E	Op_me_amel_XP623130_OG5_126588	30.4	570	337	19	4425	2722	5	516	6.99e-49	190
Contig_7_Len5306_Cov41_E	Sr_st_pram_fgenesh1pm.Cscaffold1000022_OG5_126588	29.1	581	349	18	4425	2695	26	547	1.16e-48	189
Contig_7_Len5306_Cov41_E	Op_me_tadh_estExtGenewise1Plus.C160120_OG5_126588	29.9	579	346	19	4425	2695	5	525	1.68e-48	189
Contig_7_Len5306_Cov41_E	Op_me_cpip_CPIJ006534_OG5_126588	30.5	570	336	19	4425	2722	5	516	2.49e-48	188
Contig_7_Len5306_Cov41_E	Pl_gr_ppat_estExtGenewise1.C1810001_OG5_126588	29.6	581	339	20	4416	2695	35	552	3.16e-48	188
Contig_7_Len5306_Cov41_E	Pl_gr_osat_NP001051048_OG5_126588	30.6	582	340	19	4425	2695	38	560	4.70e-48	188
Contig_7_Len5306_Cov41_E	Op_me_bmor_BGIBMGA002381_OG5_126588	29.2	579	350	19	4425	2695	5	525	6.31e-48	187
Contig_7_Len5306_Cov41_E	Op_me_trub_ENSTRUP00000038727_OG5_126588	29.0	579	351	19	4425	2695	5	525	6.50e-48	187
Contig_7_Len5306_Cov41_E	Op_fu_klac_XP453906_OG5_126588	29.6	584	344	17	4428	2695	7	529	1.17e-47	186
Contig_7_Len5306_Cov41_E	Op_me_apis_XP001951233_OG5_126588	29.6	570	341	19	4425	2722	6	517	1.21e-47	186
Contig_7_Len5306_Cov41_E	Op_fu_spom_NP593245_OG5_126588	29.1	578	343	17	4416	2695	39	553	1.87e-47	186
Contig_7_Len5306_Cov41_E	Pl_gr_osat_NP001045675_OG5_126588	29.5	579	342	20	4416	2695	37	554	1.92e-47	186
Contig_8_Len5155_Cov49_E	Pl_gr_rcom_29854.m001110_OG5_127290	36.3	652	370	16	3503	1602	2	626	9.47e-102	346
Contig_8_Len5155_Cov49_E	Pl_gr_atha_NP197599_OG5_127290	36.9	645	350	18	3470	1602	15	624	2.46e-101	345
Contig_8_Len5155_Cov49_E	Pl_gr_ppat_egw1.126.14.1_OG5_127290	36.2	647	364	15	3482	1602	8	625	4.15e-99	338
Contig_8_Len5155_Cov49_E	Sr_st_pram_fgenesh1pg.Cscaffold32000130_OG5_127290	36.5	591	318	16	3314	1602	1	554	1.92e-92	316
Contig_8_Len5155_Cov49_E	Sr_st_Pinf_002900420Contig4267Len1581_OG5_127290	36.1	582	289	13	3314	1602	1	510	4.84e-92	313
Contig_8_Len5155_Cov49_E	Sr_ch_Vbra_Contig5546length1968_OG5_127290	35.4	670	361	19	3482	1614	6	650	6.59e-86	300
Contig_8_Len5155_Cov49_E	Sr_ci_Otri_EJY64225Contig8602Len1962_OG5_127290	32.2	642	366	18	3371	1602	12	636	4.26e-77	273
Contig_8_Len5155_Cov49_E	Sr_ci_Slem_CDW71322Contig6286Len1944_OG5_127290	32.6	645	369	21	3407	1602	21	642	1.12e-74	266
Contig_8_Len5155_Cov49_E	Am_di_Acas_Contig5292length1347_OG5_127290	37.6	458	249	9	3515	2184	13	447	5.80e-70	246
Contig_8_Len5155_Cov49_E	Pl_rh_Gsul_005708682Contig2776Len1260_OG5_127290	36.4	434	251	9	3488	2193	5	415	8.72e-68	239
Contig_8_Len5155_Cov49_E	Pl_gr_crei_113296_OG5_127290	37.9	446	238	12	3479	2193	4	427	3.37e-67	238
Contig_8_Len5155_Cov49_E	Am_my_ddis_gphn_OG5_127290	37.1	469	248	12	3491	2184	256	710	2.82e-66	243
Contig_8_Len5155_Cov49_E	Pl_gr_vcar_XP002950060_OG5_127290	36.3	479	231	13	3467	2193	1	459	5.55e-66	236
Contig_8_Len5155_Cov49_E	Op_me_nvec_estExtgwp.C1850032_OG5_127290	39.5	446	232	14	3485	2184	205	624	2.42e-65	238
Contig_8_Len5155_Cov49_E	Op_ic_Cowc_004364815Contig2878Len2058_OG5_127290	39.1	450	234	13	3485	2193	253	681	8.93e-64	235
Contig_8_Len5155_Cov49_E	Op_me_tadh_fgeneshTA2pg.Cscaffold22000037_OG5_127290	37.9	446	236	14	3488	2193	223	641	5.79e-60	223
Contig_8_Len5155_Cov49_E	Op_me_amel_XP624742_OG5_127290	34.3	446	252	13	3485	2193	55	474	2.54e-57	211
Contig_8_Len5155_Cov49_E	Op_me_bmaa_14992.m11091_OG5_127290	37.3	450	242	16	3488	2184	12	436	1.90e-56	207
Contig_8_Len5155_Cov49_E	Pl_gr_micr_ACO61591_OG5_127290	34.4	448	248	13	3467	2184	1	422	6.57e-56	205
Contig_8_Len5155_Cov49_E	Op_me_drer_ENSDARP00000082385_OG5_127290	35.5	448	247	15	3485	2184	29	448	1.58e-55	204
Contig_8_Len5155_Cov49_E	Op_fu_ncra_NCU09746T0_OG5_127290	33.7	478	273	12	3527	2172	254	713	8.17e-55	209
Contig_8_Len5155_Cov49_E	Op_fu_gzea_FGST06056_OG5_127290	34.2	445	261	12	3485	2193	240	666	6.12e-54	206
Contig_8_Len5155_Cov49_E	Op_me_mmul_XP002805149_OG5_127290	35.3	448	248	16	3485	2184	240	659	8.93e-54	205
Contig_8_Len5155_Cov49_E	Op_fu_anid_AN3778_OG5_127290	33.3	477	268	15	3485	2175	237	703	1.09e-53	206
Contig_8_Len5155_Cov49_E	Op_me_mmul_XP002805148_OG5_127290	35.3	448	248	16	3485	2184	286	705	1.84e-53	205
Contig_9_Len5095_Cov42_E	Sr_rh_Rfil_Contig26625length585_OG5_128826	79.4	194	40	0	1467	2048	1	194	5.32e-99	320
Contig_9_Len5095_Cov42_E	Sr_rh_Rfil_Contig26613length585_OG5_128826	79.4	194	40	0	1467	2048	1	194	9.94e-99	319
Contig_9_Len5095_Cov42_E	Sr_rh_Rfil_Contig20222length744_OG5_128826	72.1	190	43	1	1467	2006	1	190	1.46e-78	263
Contig_9_Len5095_Cov42_E	Sr_ci_Pper_KRX03371Contig10854Len585_OG5_128826	59.8	189	70	2	1470	2036	6	188	3.87e-68	231
Contig_9_Len5095_Cov42_E	Sr_ci_Imul_004032164Contig5814Len591_OG5_128826	53.9	193	84	2	1470	2048	7	194	6.98e-65	222
Contig_9_Len5095_Cov42_E	Sr_ci_tthe_70.m00134_OG5_128826	55.8	181	76	1	1506	2048	51	227	7.34e-62	215
Contig_9_Len5095_Cov42_E	Sr_ch_Vbra_Contig18373length606_OG5_128826	52.3	195	89	2	1470	2048	7	199	3.50e-61	212
Contig_9_Len5095_Cov42_E	Sr_ci_Otri_EJY74558Contig21617Len588_OG5_128826	53.3	195	81	3	1476	2048	6	194	1.84e-60	209
Contig_9_Len5095_Cov42_E	Sr_ci_Otri_EJY66901Contig21626Len588_OG5_128826	53.3	195	81	3	1476	2048	6	194	1.84e-60	209
Contig_9_Len5095_Cov42_E	Sr_ci_Ptet_001457111Contig30239Len594_OG5_128826	50.8	199	92	2	1458	2048	2	196	8.06e-59	205
Contig_9_Len5095_Cov42_E	Sr_ci_Scer_OMJ92756Contig24388Len588_OG5_128826	52.9	187	86	1	1476	2036	5	189	3.55e-58	203
Contig_9_Len5095_Cov42_E	Sr_ci_Ptet_001458160Contig30241Len594_OG5_128826	51.8	193	87	2	1476	2048	8	196	3.79e-58	203
Contig_9_Len5095_Cov42_E	Sr_ci_Scer_OMJ75845Contig24469Len585_OG5_128826	52.6	190	88	1	1467	2036	1	188	6.38e-58	202
Contig_9_Len5095_Cov42_E	Sr_ci_Scer_OMJ67167Contig24353Len588_OG5_128826	52.9	187	86	1	1476	2036	5	189	6.59e-58	202
Contig_9_Len5095_Cov42_E	Sr_ci_Scer_OMJ65620Contig24368Len588_OG5_128826	53.5	187	85	1	1476	2036	5	189	1.67e-57	201
Contig_9_Len5095_Cov42_E	Sr_ap_tann_TA06755_OG5_128826	54.0	187	82	3	1476	2036	10	192	3.31e-57	200
Contig_9_Len5095_Cov42_E	Sr_ci_Slem_CDW82190Contig17240Len636_OG5_128826	54.9	175	71	2	1530	2048	42	210	7.09e-57	200
Contig_9_Len5095_Cov42_E	Sr_ci_Ptet_001454736Contig30237Len594_OG5_128826	51.3	193	88	2	1476	2048	8	196	8.36e-57	199
Contig_9_Len5095_Cov42_E	Sr_st_tpse_fgenesh1pg.Cchr18000228_OG5_128826	59.0	166	68	0	1551	2048	33	198	8.93e-57	199
Contig_9_Len5095_Cov42_E	Sr_ci_Scer_OMJ68357Contig24348Len588_OG5_128826	52.9	187	86	1	1476	2036	5	189	1.07e-56	199
Contig_9_Len5095_Cov42_E	Sr_ci_Scer_OMJ74233Contig24399Len588_OG5_128826	52.4	187	87	1	1476	2036	5	189	1.46e-56	198
Contig_9_Len5095_Cov42_E	Sr_ci_Ptet_001423268Contig30166Len594_OG5_128826	50.3	193	90	2	1476	2048	8	196	2.12e-56	198
Contig_9_Len5095_Cov42_E	Sr_st_Ptri_002184246Contig8783Len594_OG5_128826	51.8	195	87	3	1467	2048	7	195	2.88e-56	197
Contig_9_Len5095_Cov42_E	Sr_ap_pfal_PF130301_OG5_128826	50.0	192	93	2	1476	2051	13	201	2.17e-55	195
Contig_9_Len5095_Cov42_E	EE_ha_Ehux_005784046Contig26054Len594_OG5_128826	53.0	198	80	3	1476	2051	6	196	2.52e-55	195
Contig_10_Len5007_Cov19_E	Op_me_nvec_estExtGenewiseH1.C5680002_OG5_129164	34.3	443	228	12	4	1308	281	668	7.28e-63	233
Contig_10_Len5007_Cov19_E	Op_me_tnig_ENSTNIP00000014645_OG5_129164	39.2	352	171	10	280	1323	413	725	1.87e-61	229
Contig_10_Len5007_Cov19_E	Sr_rh_Rfil_Contig9134length1203_OG5_129164	58.3	163	66	2	868	1353	239	400	1.39e-60	218
Contig_10_Len5007_Cov19_E	Op_me_dmel_FBpp0271846_OG5_129164	34.0	459	238	13	4	1320	333	746	2.81e-60	226
Contig_10_Len5007_Cov19_E	Op_me_apis_XP001947303_OG5_129164	36.0	339	176	6	316	1320	392	693	5.69e-59	221
Contig_10_Len5007_Cov19_E	Op_me_trub_ENSTRUP00000038365_OG5_129164	39.6	351	164	13	292	1323	415	724	1.22e-58	221
Contig_10_Len5007_Cov19_E	Op_me_mmul_XP002800529_OG5_129164	35.8	341	177	8	313	1323	293	595	1.82e-58	218
Contig_10_Len5007_Cov19_E	Op_me_mmul_XP002803557_OG5_129164	37.8	347	173	9	298	1323	386	694	1.83e-58	220
Contig_10_Len5007_Cov19_E	Op_me_ecab_XP001504681_OG5_129164	37.8	347	173	9	298	1323	386	694	1.83e-58	220
Contig_10_Len5007_Cov19_E	Op_me_oana_ENSOANP00000000475_OG5_129164	37.8	347	173	9	298	1323	387	695	1.86e-58	220
Contig_10_Len5007_Cov19_E	Op_me_mmul_XP001097572_OG5_129164	37.8	347	173	9	298	1323	416	724	2.95e-58	220
Contig_10_Len5007_Cov19_E	Op_me_mmul_XP002803555_OG5_129164	37.8	347	173	9	298	1323	425	733	3.39e-58	220
Contig_10_Len5007_Cov19_E	Op_me_ecab_XP001504679_OG5_129164	37.8	347	173	9	298	1323	425	733	3.39e-58	220
Contig_10_Len5007_Cov19_E	Op_me_hsap_ENSP00000320147_OG5_129164	37.8	347	173	9	298	1323	430	738	3.65e-58	220
Contig_10_Len5007_Cov19_E	Op_me_clup_ENSCAFP00000005090_OG5_129164	37.8	347	173	9	298	1323	430	738	3.65e-58	220
Contig_10_Len5007_Cov19_E	Op_me_ptro_ENSPTRP00000033970_OG5_129164	37.8	347	173	9	298	1323	430	738	3.65e-58	220
Contig_10_Len5007_Cov19_E	Op_me_mdom_ENSMODP00000002264_OG5_129164	37.8	347	173	9	298	1323	413	721	3.78e-58	219
Contig_10_Len5007_Cov19_E	Op_me_mmus_ENSMUSP00000080419_OG5_129164	37.8	347	173	9	298	1323	425	733	4.55e-58	219
Contig_10_Len5007_Cov19_E	Op_me_rnor_ENSRNOP00000008149_OG5_129164	37.8	347	173	9	298	1323	425	733	4.55e-58	219
Contig_10_Len5007_Cov19_E	Op_me_cpip_CPIJ006484_OG5_129164	37.5	339	167	8	319	1320	449	747	5.68e-58	219
Contig_10_Len5007_Cov19_E	Op_me_ggal_ENSGALP00000020236_OG5_129164	37.8	347	173	9	298	1323	440	748	5.68e-58	219
Contig_10_Len5007_Cov19_E	Op_me_mmus_ENSMUSP00000102906_OG5_129164	36.1	341	176	8	313	1323	435	737	6.48e-58	219
Contig_10_Len5007_Cov19_E	Op_me_mmul_XP002800528_OG5_129164	35.8	341	177	8	313	1323	362	664	6.53e-58	218
Contig_10_Len5007_Cov19_E	Pl_gr_rcom_30115.m001245_OG5_129164	45.5	224	99	4	643	1311	138	339	7.15e-58	209
Contig_10_Len5007_Cov19_E	Op_me_mmul_XP002800526_OG5_129164	35.8	341	177	8	313	1323	392	694	1.08e-57	218
Contig_11_Len4982_Cov80_E	Sr_rh_Rfil_Contig3100length1914_OG5_133425	50.2	267	128	2	815	1615	282	543	1.72e-77	271
Contig_11_Len4982_Cov80_E	Sr_rh_Rfil_Contig4113length1719_OG5_133425	49.3	274	132	3	800	1615	279	547	1.54e-74	263
Contig_11_Len4982_Cov80_E	Sr_rh_Rfil_Contig5590length1509_OG5_133425	51.3	236	112	1	809	1516	256	488	2.05e-68	243
Contig_11_Len4982_Cov80_E	Sr_rh_Rfil_Contig1106length2727_OG5_128741	42.2	161	68	1	4615	4133	47	182	1.57e-32	142
Contig_11_Len4982_Cov80_E	Sr_rh_Rfil_Contig10540length1122_OG5_133425	33.2	241	140	4	812	1486	118	353	7.42e-30	127
Contig_11_Len4982_Cov80_E	Pl_gr_micr_ACO65212_OG5_128741	27.1	303	186	4	4930	4115	11	309	7.18e-27	124
Contig_11_Len4982_Cov80_E	Am_di_Acas_Contig889length3189_OG5_128741	27.4	299	180	6	4930	4133	6	300	2.42e-24	115
Contig_11_Len4982_Cov80_E	Pl_gr_ppat_egw1.6.39.1_OG5_128741	25.6	312	195	4	4930	4094	7	314	5.27e-24	114
Contig_11_Len4982_Cov80_E	Pl_gr_ppat_estExtGenewise1.C1100042_OG5_128741	26.7	315	188	7	4930	4094	7	314	5.69e-24	114
Contig_11_Len4982_Cov80_E	Pl_gr_rcom_30128.m008874_OG5_128741	26.1	299	184	5	4930	4133	7	301	1.52e-23	113
Contig_11_Len4982_Cov80_E	Pl_gr_ppat_estExtGenewise1.C740097_OG5_128741	26.0	315	190	7	4930	4094	7	314	4.61e-23	111
Contig_11_Len4982_Cov80_E	Op_fu_aory_AO090003000816_OG5_128741	24.5	363	228	7	4918	3956	13	371	4.72e-23	111
Contig_11_Len4982_Cov80_E	Pl_gr_osat_NP001041871_OG5_128741	25.2	305	191	4	4930	4115	7	307	5.90e-23	111
Contig_11_Len4982_Cov80_E	Sr_st_pram_fgenesh1pg.Cscaffold6000207_OG5_128741	27.5	306	176	9	4924	4133	19	320	8.99e-23	110
Contig_11_Len4982_Cov80_E	Sr_st_Pinf_002895035Contig779Len3465_OG5_128741	27.1	306	177	9	4924	4133	19	320	1.16e-22	110
Contig_11_Len4982_Cov80_E	Sr_ch_Vbra_Contig1645length3447_OG5_128741	26.4	406	236	14	4930	3845	5	391	3.42e-22	108
Contig_11_Len4982_Cov80_E	Op_fu_afum_Afu1g05200_OG5_128741	24.3	362	228	7	4918	3959	21	378	7.28e-22	107
Contig_11_Len4982_Cov80_E	Pl_gr_atha_NP192881_OG5_128741	25.1	299	187	4	4930	4133	7	301	8.99e-22	107
Contig_11_Len4982_Cov80_E	Op_fu_anid_AN2743_OG5_128741	23.7	363	231	7	4918	3956	13	371	2.12e-21	106
Contig_11_Len4982_Cov80_E	Sr_st_Aana_Contig2689length1926_OG5_128741	25.8	322	187	7	4930	4097	3	316	2.45e-21	105
Contig_11_Len4982_Cov80_E	Op_fu_cimm_CIMG04873T1_OG5_128741	23.8	361	229	9	4912	3956	15	371	8.13e-21	104
Contig_11_Len4982_Cov80_E	Op_fu_cpos_CPAG06690_OG5_128741	23.8	361	229	9	4912	3956	15	371	8.21e-21	104
Contig_11_Len4982_Cov80_E	Op_fu_cimm_CIMG04873T0_OG5_128741	23.8	361	229	9	4912	3956	15	371	8.21e-21	104
Contig_11_Len4982_Cov80_E	Op_me_mmul_XP001102472_OG5_128741	27.1	221	146	4	4789	4154	1	215	2.09e-18	96.7
Contig_11_Len4982_Cov80_E	Pl_gr_vcar_XP002947564_OG5_128741	26.0	292	178	6	4930	4148	14	298	2.78e-17	92.8
Contig_12_Len4916_Cov42_E	Ex_eu_lmaj_LmjF.35.1190_OG5_128620	43.6	509	234	14	4872	3415	11	489	4.98e-101	337
Contig_12_Len4916_Cov42_E	Ex_eu_linf_LinJ.35.1200_OG5_128620	42.9	508	239	13	4872	3415	11	489	8.35e-100	334
Contig_12_Len4916_Cov42_E	Op_ic_Sarc_Contig2594length1641_OG5_128620	43.6	509	225	15	4875	3415	62	530	9.53e-99	333
Contig_12_Len4916_Cov42_E	Ex_eu_lmex_LmxM.34.1190_OG5_128620	43.4	512	231	15	4872	3415	11	489	4.85e-98	329
Contig_12_Len4916_Cov42_E	Ex_eu_lbra_LbrM.34.1100_OG5_128620	40.9	513	244	16	4872	3424	11	494	4.71e-91	310
Contig_12_Len4916_Cov42_E	Sr_rh_Rfil_Contig4261length1692_OG5_128620	39.1	506	265	12	4872	3388	75	548	6.36e-90	308
Contig_12_Len4916_Cov42_E	EE_ap_Ttra_Contig4838length1506_OG5_131170	42.6	406	210	11	81	1265	23	416	2.01e-89	304
Contig_12_Len4916_Cov42_E	Ex_eu_tbrg_Tbg972.5.6520_OG5_128620	42.9	515	232	14	4872	3424	146	630	2.63e-89	316
Contig_12_Len4916_Cov42_E	Ex_eu_tbru_Tb927.5.940_OG5_128620	42.0	529	241	15	4872	3382	146	640	2.88e-89	315
Contig_12_Len4916_Cov42_E	Ex_eu_tbru_Tb427.05.940_OG5_128620	42.0	529	241	15	4872	3382	146	640	5.27e-89	315
Contig_12_Len4916_Cov42_E	Ex_eu_tcon_TcIL3000.0.22370_OG5_128620	41.4	544	251	17	4872	3343	84	593	1.32e-88	312
Contig_12_Len4916_Cov42_E	Ex_eu_tcon_TcIL3000.5.640_OG5_128620	41.2	544	252	17	4872	3343	84	593	2.42e-88	311
Contig_12_Len4916_Cov42_E	Ex_eu_tbru_Tb927.5.930_OG5_128620	42.9	515	232	14	4872	3424	384	868	6.06e-88	317
Contig_12_Len4916_Cov42_E	Ex_eu_tbru_Tb427.05.930_OG5_128620	42.9	515	232	14	4872	3424	384	868	1.09e-87	316
Contig_12_Len4916_Cov42_E	Sr_ci_tthe_55.m00242_OG5_131170	40.0	443	219	12	51	1265	7	440	2.13e-87	299
Contig_12_Len4916_Cov42_E	Ex_eu_tbru_Tb927.10.3650_OG5_128620	42.2	517	235	14	4872	3424	476	962	2.31e-87	317
Contig_12_Len4916_Cov42_E	Ex_eu_tbrg_Tbg972.10.4540_OG5_128620	42.2	517	235	14	4872	3424	476	962	2.31e-87	317
Contig_12_Len4916_Cov42_E	Sr_ci_tthe_45.m00209_OG5_131170	39.6	434	220	12	57	1265	11	433	2.37e-87	298
Contig_12_Len4916_Cov42_E	Ex_eu_tbrg_Tbg972.5.1290_OG5_128620	42.0	529	241	15	4872	3382	384	878	2.50e-87	315
Contig_12_Len4916_Cov42_E	Ex_eu_lbra_LbrM.34.0820_OG5_128620	41.8	517	237	15	4872	3424	439	925	2.73e-87	316
Contig_12_Len4916_Cov42_E	Op_fu_pchr_egwh2.6.131.1_OG5_128620	38.5	493	258	10	4872	3415	4	458	2.91e-87	301
Contig_12_Len4916_Cov42_E	Ex_eu_tviv_TvY4860500510_OG5_128620	41.8	521	229	17	4872	3424	55	539	4.18e-87	305
Contig_12_Len4916_Cov42_E	Ex_eu_tcru_Tc00.1047053503849.60_OG5_128620	40.8	519	236	16	4872	3424	58	541	2.32e-86	305
Contig_12_Len4916_Cov42_E	Op_ch_mbre_estExtgwpgw1.C70205_OG5_128620	38.4	492	260	8	4872	3415	5	459	8.51e-86	297
Contig_12_Len4916_Cov42_E	Ex_eu_tcon_TcIL3000.10.2980_OG5_128620	41.7	518	236	17	4872	3424	459	945	2.03e-85	310
Contig_13_Len4894_Cov63_E	Pl_gr_ppat_estExtfgenesh1pm.C1380003_OG5_126690	50.3	469	219	8	4804	3419	72	533	8.67e-155	486
Contig_13_Len4894_Cov63_E	Pl_gr_ppat_estExtfgenesh2pm.C1100003_OG5_126690	48.9	466	230	5	4804	3419	69	530	4.26e-151	476
Contig_13_Len4894_Cov63_E	Pl_gr_ppat_fgenesh2pg.scaffold76000003_OG5_126690	49.1	468	229	7	4804	3419	23	487	2.01e-148	468
Contig_13_Len4894_Cov63_E	Sr_ci_Otri_EJY70486Contig3895Len3015_OG5_126690	49.7	475	225	9	4804	3407	520	989	5.33e-146	479
Contig_13_Len4894_Cov63_E	Sr_ci_Otri_EJY83778Contig4813Len2727_OG5_126690	48.7	489	229	11	4804	3392	401	885	7.94e-144	470
Contig_13_Len4894_Cov63_E	Op_fu_anid_AN10124_OG5_126690	46.5	469	242	5	4825	3434	6	470	1.05e-138	441
Contig_13_Len4894_Cov63_E	Sr_ci_Slem_CDW81975Contig4510Len2340_OG5_126690	47.6	481	231	10	4804	3413	264	740	8.41e-138	449
Contig_13_Len4894_Cov63_E	Ex_he_Ngru_Contig5266length1539_OG5_126690	49.4	470	224	9	4804	3422	42	506	1.01e-137	439
Contig_13_Len4894_Cov63_E	Op_fu_afum_Afu1g14710_OG5_126690	46.8	462	237	5	4804	3434	13	470	2.00e-137	437
Contig_13_Len4894_Cov63_E	Op_fu_ncra_NCU00130T0_OG5_126690	47.3	463	232	8	4804	3434	7	463	2.16e-136	434
Contig_13_Len4894_Cov63_E	Pl_gr_osat_NP001049358_OG5_126690	46.0	463	245	4	4804	3428	54	515	4.94e-136	435
Contig_13_Len4894_Cov63_E	Sr_ci_Slem_CDW72056Contig2558Len3054_OG5_126690	47.9	491	238	10	4804	3371	523	1008	1.33e-135	451
Contig_13_Len4894_Cov63_E	Pl_gr_osat_NP001064347_OG5_126690	46.9	463	240	5	4804	3428	42	502	4.70e-135	432
Contig_13_Len4894_Cov63_E	Pl_gr_atha_NP173978_OG5_126690	45.4	469	245	7	4804	3419	41	505	1.73e-134	431
Contig_13_Len4894_Cov63_E	Op_fu_gzea_FGST08331_OG5_126690	47.1	463	233	8	4804	3434	7	463	2.48e-134	429
Contig_13_Len4894_Cov63_E	Op_fu_pchr_egwh2.4.192.1_OG5_126690	47.4	475	234	8	4804	3395	15	478	6.32e-134	430
Contig_13_Len4894_Cov63_E	Pl_gr_ppat_estExtfgenesh1pg.C90048_OG5_126690	45.2	465	238	7	4804	3422	40	491	1.64e-133	427
Contig_13_Len4894_Cov63_E	Pl_gr_atha_NP001031975_OG5_126690	45.4	465	240	5	4804	3419	25	478	7.83e-133	425
Contig_13_Len4894_Cov63_E	Pl_gr_atha_NP198505_OG5_126690	45.4	465	240	5	4804	3419	25	478	8.63e-133	425
Contig_13_Len4894_Cov63_E	Sr_ci_Slem_CDW73962Contig3502Len2652_OG5_126690	46.6	481	236	10	4804	3413	373	849	1.43e-132	438
Contig_13_Len4894_Cov63_E	Pl_gr_osat_NP001053071_OG5_126690	44.0	470	254	6	4804	3413	39	505	5.35e-132	424
Contig_13_Len4894_Cov63_E	Pl_gr_rcom_30174.m009125_OG5_126690	44.4	482	258	7	4843	3419	22	500	3.53e-131	421
Contig_13_Len4894_Cov63_E	Sr_ci_Otri_EJY66928Contig4712Len2766_OG5_126690	46.2	478	238	9	4804	3419	413	887	4.94e-131	435
Contig_13_Len4894_Cov63_E	Sr_st_pram_fgenesh1pg.Cscaffold4000139_OG5_126690	47.0	481	220	12	4804	3407	11	471	1.84e-130	418
Contig_13_Len4894_Cov63_E	Pl_gr_osat_NP001045089_OG5_126690	43.1	471	240	7	4804	3419	19	470	4.59e-130	417
Contig_14_Len4843_Cov75_E	Sr_ch_Vbra_Contig13755length990_OG5_128323	61.3	318	123	0	155	1108	10	327	1.88e-128	407
Contig_14_Len4843_Cov75_E	EE_ha_Ehux_005781762Contig12360Len1098_OG5_128323	59.5	328	133	0	134	1117	38	365	4.46e-126	402
Contig_14_Len4843_Cov75_E	Op_me_mmus_ENSMUSP00000112236_OG5_128323	61.5	322	123	1	155	1117	1	322	2.58e-125	398
Contig_14_Len4843_Cov75_E	Ex_he_Ngru_Contig10192length924_OG5_128323	62.2	307	116	0	197	1117	1	307	5.57e-125	396
Contig_14_Len4843_Cov75_E	Op_me_clup_ENSCAFP00000004212_OG5_128323	59.6	337	135	1	110	1117	51	387	2.41e-124	398
Contig_14_Len4843_Cov75_E	Op_me_ecab_XP001503704_OG5_128323	60.9	322	125	1	155	1117	71	392	3.95e-124	397
Contig_14_Len4843_Cov75_E	Op_me_hsap_ENSP00000318351_OG5_128323	59.6	337	135	1	110	1117	56	392	3.95e-124	397
Contig_14_Len4843_Cov75_E	Op_me_ptro_ENSPTRP00000031400_OG5_128323	59.6	337	135	1	110	1117	56	392	3.95e-124	397
Contig_14_Len4843_Cov75_E	Op_me_oana_ENSOANP00000002054_OG5_128323	61.2	322	124	1	155	1117	6	327	5.66e-124	394
Contig_14_Len4843_Cov75_E	Op_ic_Cowc_004365509Contig5621Len1140_OG5_128323	59.4	330	133	1	131	1117	50	379	9.28e-124	396
Contig_14_Len4843_Cov75_E	Op_me_trub_ENSTRUP00000005275_OG5_128323	61.2	322	124	1	155	1117	65	386	1.18e-123	396
Contig_14_Len4843_Cov75_E	Op_me_cint_ENSCINP00000008821_OG5_128323	59.5	321	130	0	155	1117	43	363	1.96e-123	394
Contig_14_Len4843_Cov75_E	Pl_gr_rcom_28842.m000931_OG5_128323	58.7	332	137	0	122	1117	34	365	2.10e-123	394
Contig_14_Len4843_Cov75_E	Sr_ci_Slem_CDW80587Contig13036Len1056_OG5_128323	58.7	327	134	1	140	1117	25	351	3.43e-123	393
Contig_14_Len4843_Cov75_E	Sr_ci_Ptet_001448134Contig19557Len1050_OG5_128323	58.6	321	133	0	155	1117	29	349	1.61e-122	391
Contig_14_Len4843_Cov75_E	Sr_ci_Ptet_001444042Contig19552Len1050_OG5_128323	58.6	321	133	0	155	1117	29	349	4.25e-122	390
Contig_14_Len4843_Cov75_E	Op_me_ggal_ENSGALP00000036328_OG5_128323	60.2	322	127	1	155	1117	71	392	5.05e-122	392
Contig_14_Len4843_Cov75_E	Sr_ap_ncan_NCLIV057460_OG5_128323	58.5	318	132	0	155	1108	92	409	5.18e-122	392
Contig_14_Len4843_Cov75_E	Op_me_tadh_egw1.5.1118.1_OG5_128323	58.4	322	133	1	155	1117	6	327	7.24e-122	389
Contig_14_Len4843_Cov75_E	Pl_gr_atha_NP187954_OG5_128323	60.1	321	128	0	155	1117	38	358	1.10e-121	389
Contig_14_Len4843_Cov75_E	Pl_gr_ppat_egw1.152.63.1_OG5_128323	57.7	331	140	0	125	1117	10	340	2.99e-121	387
Contig_14_Len4843_Cov75_E	Pl_gr_atha_NP175947_OG5_128323	60.1	321	128	0	155	1117	32	352	3.27e-121	388
Contig_14_Len4843_Cov75_E	Sr_ap_tgon_TGME49114400_OG5_128323	57.9	318	134	0	155	1108	103	420	3.75e-121	390
Contig_14_Len4843_Cov75_E	EE_ap_Ttra_Contig6670length1122_OG5_128323	57.1	326	139	1	143	1117	48	373	1.76e-120	387
Contig_14_Len4843_Cov75_E	Sr_st_Pinf_002909050Contig7287Len1110_OG5_128323	58.1	322	135	0	152	1117	48	369	2.12e-120	386
Contig_15_Len4775_Cov90_E	Sr_rh_Rfil_Contig23960length645_OG5_127331	73.8	191	50	0	4721	4149	1	191	1.37e-90	295
Contig_15_Len4775_Cov90_E	Am_di_Acas_Contig11479length573_OG5_127331	58.2	189	78	1	4715	4152	2	190	4.14e-70	237
Contig_15_Len4775_Cov90_E	Pl_gr_crei_82091_OG5_127331	59.2	191	76	1	4715	4149	2	192	4.43e-70	237
Contig_15_Len4775_Cov90_E	EE_ha_Ehux_005775623Contig26636Len576_OG5_127331	61.9	189	71	1	4715	4152	2	190	1.08e-69	236
Contig_15_Len4775_Cov90_E	EE_ha_Ehux_005779783Contig26626Len576_OG5_127331	61.9	189	71	1	4715	4152	2	190	1.08e-69	236
Contig_15_Len4775_Cov90_E	Pl_gr_vcar_XP002949071_OG5_127331	60.2	191	74	2	4715	4149	2	192	1.12e-69	236
Contig_15_Len4775_Cov90_E	Sr_ap_tgon_TGME49015060_OG5_127331	59.5	190	75	1	4715	4152	2	191	3.87e-69	234
Contig_15_Len4775_Cov90_E	Sr_ap_ncan_NCLIV052070_OG5_127331	59.5	190	75	1	4715	4152	2	191	3.87e-69	234
Contig_15_Len4775_Cov90_E	Op_fu_cneo_CNBG1571T0_OG5_127331	60.1	188	75	0	4715	4152	2	189	2.24e-68	232
Contig_15_Len4775_Cov90_E	Op_fu_cneg_CNAG03853T0_OG5_127331	60.1	188	75	0	4715	4152	2	189	3.06e-68	231
Contig_15_Len4775_Cov90_E	Sr_pe_Perk_002780095Contig13571Len600_OG5_127331	56.6	198	77	2	4715	4149	2	199	3.13e-68	232
Contig_15_Len4775_Cov90_E	Sr_pe_Perk_002772365Contig13577Len600_OG5_127331	56.6	198	77	2	4715	4149	2	199	3.13e-68	232
Contig_15_Len4775_Cov90_E	Op_fu_gzea_FGST07585_OG5_127331	58.9	185	76	0	4706	4152	5	189	4.17e-68	231
Contig_15_Len4775_Cov90_E	Sr_st_pram_fgenesh1pm.Cscaffold3000020_OG5_127331	58.4	190	77	2	4715	4152	2	191	4.45e-68	231
Contig_15_Len4775_Cov90_E	Sr_pe_Perk_002772666Contig13555Len600_OG5_127331	56.1	198	78	2	4715	4149	2	199	5.82e-68	231
Contig_15_Len4775_Cov90_E	Sr_pe_Perk_002765821Contig13557Len600_OG5_127331	56.1	198	78	2	4715	4149	2	199	5.82e-68	231
Contig_15_Len4775_Cov90_E	Op_fu_pchr_gwh2.1.1029.1_OG5_127331	59.6	188	76	0	4715	4152	2	189	7.74e-68	230
Contig_15_Len4775_Cov90_E	Sr_st_Pinf_002908720Contig12782Len576_OG5_127331	57.9	190	78	2	4715	4152	2	191	2.09e-67	229
Contig_15_Len4775_Cov90_E	Sr_st_Pinf_002907039Contig12777Len576_OG5_127331	57.9	190	78	2	4715	4152	2	191	2.09e-67	229
Contig_15_Len4775_Cov90_E	Op_fu_lbic_Eugenev2.0000350026_OG5_127331	58.0	188	79	0	4715	4152	2	189	2.67e-67	229
Contig_15_Len4775_Cov90_E	Am_my_ddis_sarAm_OG5_127331	58.5	188	77	1	4715	4152	2	188	3.52e-67	228
Contig_15_Len4775_Cov90_E	Sr_st_Ptri_002179839Contig8869Len579_OG5_127331	57.9	190	78	1	4715	4152	2	191	7.47e-67	228
Contig_15_Len4775_Cov90_E	Op_fu_aory_AO090003000842_OG5_127331	60.0	185	74	0	4706	4152	5	189	1.26e-66	227
Contig_15_Len4775_Cov90_E	Op_fu_anid_AN0411_OG5_127331	59.5	185	75	0	4706	4152	5	189	1.71e-66	226
Contig_15_Len4775_Cov90_E	Sr_ch_Vbra_Contig18696length579_OG5_127331	57.4	190	79	1	4715	4152	2	191	1.89e-66	226
Contig_16_Len4698_Cov13_E	Sr_st_pram_fgenesh1pm.Cscaffold19000003_OG5_126855	37.6	776	398	16	890	3214	152	842	7.26e-138	451
Contig_16_Len4698_Cov13_E	Pl_gr_ppat_estExtgwpgw1.C1840090_OG5_126855	32.7	1076	574	24	23	3214	55	992	1.94e-134	446
Contig_16_Len4698_Cov13_E	Pl_gr_ppat_fgenesh1pg.scaffold94000062_OG5_126855	31.8	1079	583	20	23	3214	57	997	3.02e-134	446
Contig_16_Len4698_Cov13_E	Sr_rh_Rfil_Contig3594length1812_OG5_126855	46.6	558	250	9	1595	3217	1	527	4.05e-134	432
Contig_16_Len4698_Cov13_E	Sr_st_Pinf_002900658Contig1062Len3057_OG5_126855	37.7	774	394	17	890	3205	298	985	1.88e-133	444
Contig_16_Len4698_Cov13_E	Pl_gr_rcom_30190.m011197_OG5_126855	37.7	788	379	16	890	3214	285	973	1.64e-132	440
Contig_16_Len4698_Cov13_E	Pl_gr_atha_NP176533_OG5_126855	37.1	774	401	13	893	3214	292	979	1.90e-131	437
Contig_16_Len4698_Cov13_E	Pl_gr_osat_NP001053522_OG5_126855	35.8	833	424	19	743	3214	268	998	1.06e-129	433
Contig_16_Len4698_Cov13_E	Pl_gr_osat_NP001046193_OG5_126855	35.6	781	411	16	884	3214	269	961	4.17e-129	431
Contig_16_Len4698_Cov13_E	EE_ap_Ttra_Contig833length4266_OG5_126855	36.5	795	393	17	863	3187	178	880	1.89e-128	436
Contig_16_Len4698_Cov13_E	EE_ap_Ttra_Contig2301length2589_OG5_126855	34.5	852	447	19	719	3226	105	861	3.96e-127	422
Contig_16_Len4698_Cov13_E	Pl_gr_osat_NP001046033_OG5_126855	35.1	797	409	16	890	3226	303	1009	2.80e-124	419
Contig_16_Len4698_Cov13_E	Pl_gr_atha_NP199292_OG5_126855	36.7	790	402	19	893	3226	291	994	7.24e-124	417
Contig_16_Len4698_Cov13_E	Pl_gr_rcom_30169.m006419_OG5_126855	35.5	778	416	15	884	3214	270	962	6.05e-123	413
Contig_16_Len4698_Cov13_E	Op_me_hsap_ENSP00000242839_OG5_126855	31.0	1141	586	26	23	3214	363	1379	1.96e-122	423
Contig_16_Len4698_Cov13_E	Op_me_ptro_ENSPTRP00000010023_OG5_126855	31.3	1127	601	26	23	3214	311	1327	5.36e-121	418
Contig_16_Len4698_Cov13_E	Am_di_Acas_Contig936length3135_OG5_126855	34.7	805	438	16	857	3220	236	969	7.84e-121	409
Contig_16_Len4698_Cov13_E	Sr_st_tpse_thaps1uakg.chr7000008_OG5_126855	31.4	1086	571	26	29	3208	1	938	9.66e-121	406
Contig_16_Len4698_Cov13_E	Op_me_mmus_ENSMUSP00000058840_OG5_126855	30.1	1151	601	28	8	3214	376	1405	9.80e-120	416
Contig_16_Len4698_Cov13_E	Op_me_drer_ENSDARP00000054976_OG5_126855	30.3	1160	595	24	17	3220	361	1398	2.18e-119	414
Contig_16_Len4698_Cov13_E	Op_me_trub_ENSTRUP00000034454_OG5_126855	30.8	1138	589	27	29	3208	87	1104	9.48e-119	406
Contig_16_Len4698_Cov13_E	Op_me_ecab_XP001488500_OG5_126855	30.7	1142	588	25	23	3214	437	1453	1.07e-118	413
Contig_16_Len4698_Cov13_E	Op_me_mmus_ENSMUSP00000006742_OG5_126855	31.0	1142	584	29	17	3214	362	1375	2.66e-118	411
Contig_16_Len4698_Cov13_E	Op_me_mdom_ENSMODP00000033103_OG5_126855	30.4	1156	584	26	17	3214	409	1433	2.92e-118	412
Contig_16_Len4698_Cov13_E	Pl_gr_crei_121438_OG5_126855	35.6	790	397	16	890	3214	242	934	3.64e-118	399
Contig_17_Len4695_Cov50_E	Sr_rh_Rfil_Contig978length2841_OG5_127167	33.0	878	494	12	110	2542	3	853	3.09e-136	448
Contig_17_Len4695_Cov50_E	Sr_rh_Rfil_Contig3465length1839_OG5_127167	39.4	591	287	9	101	1675	1	586	5.25e-125	407
Contig_17_Len4695_Cov50_E	Sr_rh_Rfil_Contig2531length2064_OG5_127167	40.6	554	297	7	101	1675	1	551	2.58e-124	408
Contig_17_Len4695_Cov50_E	Pl_gr_vcar_XP002949519_OG5_127167	36.3	819	457	13	95	2542	2	758	2.36e-104	357
Contig_17_Len4695_Cov50_E	Pl_gr_ppat_estExtfgenesh1pg.C670124_OG5_127167	30.6	824	520	11	101	2557	1	777	3.73e-103	353
Contig_17_Len4695_Cov50_E	Op_me_nvec_estExtfgenesh1pm.C20015_OG5_127167	34.0	826	500	17	101	2542	1	793	1.61e-102	352
Contig_17_Len4695_Cov50_E	Pl_gr_atha_NP178111_OG5_127167	29.5	820	542	10	101	2542	1	790	7.97e-102	350
Contig_17_Len4695_Cov50_E	Op_me_tnig_ENSTNIP00000011796_OG5_127167	32.8	856	514	17	101	2620	1	811	8.37e-102	350
Contig_17_Len4695_Cov50_E	Op_me_trub_ENSTRUP00000016067_OG5_127167	32.2	852	522	16	101	2620	1	808	1.07e-101	350
Contig_17_Len4695_Cov50_E	Op_me_trub_ENSTRUP00000020949_OG5_127167	35.2	826	494	12	101	2557	1	792	2.10e-100	346
Contig_17_Len4695_Cov50_E	Pl_gr_rcom_29872.m000550_OG5_127167	29.3	820	544	11	101	2542	1	790	3.65e-100	346
Contig_17_Len4695_Cov50_E	Pl_gr_atha_NP850984_OG5_127167	29.8	820	540	10	101	2542	1	790	4.55e-100	345
Contig_17_Len4695_Cov50_E	Pl_gr_atha_NP178110_OG5_127167	29.9	820	539	10	101	2542	1	790	4.55e-100	345
Contig_17_Len4695_Cov50_E	Pl_gr_osat_NP001054812_OG5_127167	30.2	818	539	10	101	2551	1	787	3.49e-99	343
Contig_17_Len4695_Cov50_E	Pl_gr_atha_NP001031305_OG5_127167	29.2	807	535	10	101	2503	1	777	7.28e-99	340
Contig_17_Len4695_Cov50_E	Op_me_ggal_ENSGALP00000011770_OG5_127167	36.3	838	488	14	101	2584	1	802	9.08e-99	342
Contig_17_Len4695_Cov50_E	Op_me_mmul_XP001106903_OG5_127167	31.1	823	495	15	101	2545	1	759	1.18e-98	340
Contig_17_Len4695_Cov50_E	Op_me_mmul_XP001106968_OG5_127167	33.5	823	505	15	101	2545	1	789	1.24e-98	341
Contig_17_Len4695_Cov50_E	Pl_gr_crei_15589_OG5_127167	30.7	823	501	13	95	2548	2	760	1.37e-98	340
Contig_17_Len4695_Cov50_E	Pl_gr_ppat_estExtgwpgw1.C400120_OG5_127167	30.3	821	518	12	101	2548	1	772	2.51e-98	340
Contig_17_Len4695_Cov50_E	Op_me_rnor_ENSRNOP00000015474_OG5_127167	30.0	832	543	16	101	2572	1	801	5.57e-98	339
Contig_17_Len4695_Cov50_E	Op_me_hsap_ENSP00000302961_OG5_127167	33.4	823	506	15	101	2545	1	789	7.93e-98	339
Contig_17_Len4695_Cov50_E	Op_me_ptro_ENSPTRP00000029477_OG5_127167	33.4	823	506	15	101	2545	1	789	1.47e-97	338
Contig_17_Len4695_Cov50_E	Op_me_mmus_ENSMUSP00000076336_OG5_127167	29.9	832	544	16	101	2572	1	801	3.56e-97	337
Contig_17_Len4695_Cov50_E	Pl_gr_ppat_estExtfgenesh1pg.C180173_OG5_127167	29.4	802	515	11	101	2491	1	756	6.73e-97	334
Contig_18_Len4644_Cov93_E	Sr_ap_chom_Chro.80434_OG5_126883	37.6	433	227	9	3004	1733	25	423	3.04e-71	249
Contig_18_Len4644_Cov93_E	Pl_gr_atha_NP568412_OG5_126883	36.1	440	247	10	3022	1733	3	418	6.62e-71	248
Contig_18_Len4644_Cov93_E	Sr_st_pram_fgenesh1pm.Cscaffold60000001_OG5_126883	34.2	453	244	10	3073	1733	17	421	8.29e-68	239
Contig_18_Len4644_Cov93_E	Sr_st_Pinf_002900006Contig6148Len1266_OG5_126883	35.2	429	236	10	3001	1733	28	420	1.09e-67	239
Contig_18_Len4644_Cov93_E	Op_me_trub_ENSTRUP00000037497_OG5_126883	38.0	361	212	6	2992	1931	7	362	2.90e-67	237
Contig_18_Len4644_Cov93_E	Op_me_tnig_ENSTNIP00000022407_OG5_126883	38.0	361	212	6	2992	1931	7	362	5.36e-67	236
Contig_18_Len4644_Cov93_E	Sr_ci_Slem_CDW76720Contig10511Len1338_OG5_126883	36.7	387	221	8	3079	1949	2	374	7.16e-67	237
Contig_18_Len4644_Cov93_E	Pl_gr_atha_NP189997_OG5_126883	38.4	365	211	6	3022	1946	3	359	1.43e-65	233
Contig_18_Len4644_Cov93_E	Pl_rh_Gsul_005707879Contig2698Len1287_OG5_126883	35.0	434	245	9	3007	1733	22	427	3.27e-65	232
Contig_18_Len4644_Cov93_E	Op_me_tadh_estExtfgeneshTA2pm.C40075_OG5_126883	40.8	338	187	7	2992	1991	5	333	5.16e-65	230
Contig_18_Len4644_Cov93_E	Pl_rh_Gsul_005707432Contig2801Len1254_OG5_126883	37.9	364	211	6	3007	1934	12	366	8.25e-65	230
Contig_18_Len4644_Cov93_E	Op_me_nvec_egw.157.32.1_OG5_126883	38.1	360	207	6	2992	1937	4	355	2.07e-64	229
Contig_18_Len4644_Cov93_E	Pl_gr_rcom_29854.m001121_OG5_126883	36.6	361	216	5	3007	1943	7	360	1.81e-63	226
Contig_18_Len4644_Cov93_E	Op_me_amel_XP001119835_OG5_126883	35.2	429	230	9	2992	1739	5	396	3.65e-63	225
Contig_18_Len4644_Cov93_E	Pl_gr_osat_NP001053485_OG5_126883	35.1	433	246	10	3001	1733	8	415	5.81e-63	225
Contig_18_Len4644_Cov93_E	Sr_ap_ncan_NCLIV055170_OG5_126883	34.7	430	249	6	3007	1733	23	425	7.60e-63	225
Contig_18_Len4644_Cov93_E	Sr_ci_Otri_EJY64839Contig13538Len1353_OG5_126883	37.1	375	216	8	3082	1982	7	369	1.43e-62	225
Contig_18_Len4644_Cov93_E	Pl_gr_osat_NP001047626_OG5_126883	36.2	367	214	7	3007	1937	7	363	2.20e-62	223
Contig_18_Len4644_Cov93_E	Op_me_isca_EEC12572_OG5_126883	36.7	354	213	6	2989	1949	5	354	5.12e-61	219
Contig_18_Len4644_Cov93_E	Pl_gr_vcar_XP002949642_OG5_126883	38.7	367	206	7	3022	1943	5	359	8.10e-60	216
Contig_18_Len4644_Cov93_E	Ex_he_Ngru_Contig7232length1251_OG5_126883	37.6	356	211	6	2986	1949	6	360	1.21e-59	215
Contig_18_Len4644_Cov93_E	Sr_ap_tgon_TGME49111240_OG5_126883	33.8	435	251	7	3007	1733	23	430	1.32e-59	216
Contig_18_Len4644_Cov93_E	Am_my_ddis_ddj1_OG5_126883	35.5	431	240	11	2989	1733	5	409	2.58e-59	214
Contig_18_Len4644_Cov93_E	Op_ic_Sarc_Contig4210length1227_OG5_126883	37.1	350	214	5	2992	1949	5	350	3.32e-59	214
Contig_18_Len4644_Cov93_E	Op_ic_Sarc_Contig4233length1221_OG5_126883	36.9	360	219	5	2992	1928	5	361	7.67e-59	213
Contig_20_Len4596_Cov49_E	Op_me_drer_ENSDARP00000072283_OG5_126620	52.5	324	146	4	58	1026	3	319	5.08e-102	333
Contig_20_Len4596_Cov49_E	Op_me_trub_ENSTRUP00000027390_OG5_126620	55.2	315	127	5	58	990	3	307	5.08e-102	333
Contig_20_Len4596_Cov49_E	Op_me_ggal_ENSGALP00000011700_OG5_126620	55.2	319	133	5	73	1023	9	319	1.03e-101	332
Contig_20_Len4596_Cov49_E	Sr_ci_Otri_EJY76553Contig17466Len981_OG5_126620	57.1	294	120	3	52	930	14	302	7.63e-101	330
Contig_20_Len4596_Cov49_E	Am_di_Acas_Contig7925length966_OG5_126620	54.4	318	126	7	52	993	9	311	2.30e-100	328
Contig_20_Len4596_Cov49_E	Op_ic_Cowc_004342735Contig6233Len990_OG5_126620	52.6	323	145	4	52	1017	11	326	1.46e-99	326
Contig_20_Len4596_Cov49_E	Sr_pe_Perk_002772933Contig6329Len1152_OG5_126620	55.1	301	130	3	13	915	47	342	3.33e-99	327
Contig_20_Len4596_Cov49_E	Op_fu_gzea_FGST11222_OG5_126620	55.7	305	126	4	79	990	31	327	8.00e-99	325
Contig_20_Len4596_Cov49_E	Sr_ci_Slem_CDW77673Contig13623Len999_OG5_126620	54.9	306	130	5	76	990	28	326	1.08e-98	324
Contig_20_Len4596_Cov49_E	Op_me_mdom_ENSMODP00000006473_OG5_126620	54.1	316	137	4	79	1023	6	314	1.88e-98	323
Contig_20_Len4596_Cov49_E	Sr_rh_Rfil_Contig20112length747_OG5_126620	68.4	225	70	1	55	729	4	227	1.36e-97	317
Contig_20_Len4596_Cov49_E	Ex_he_Ngru_Contig9530length990_OG5_126620	49.8	325	151	4	52	1011	7	324	1.12e-96	318
Contig_20_Len4596_Cov49_E	Op_me_hsap_ENSP00000283027_OG5_126620	53.0	315	140	4	82	1023	7	314	1.14e-96	318
Contig_20_Len4596_Cov49_E	Op_fu_pchr_egww2.3.456.1_OG5_126620	52.1	315	143	4	49	990	12	319	1.35e-96	318
Contig_20_Len4596_Cov49_E	Op_fu_anid_AN2155_OG5_126620	55.2	299	121	4	79	963	29	318	1.67e-96	318
Contig_20_Len4596_Cov49_E	Op_fu_spom_NP594626_OG5_126620	49.4	322	154	4	46	1008	2	315	1.94e-96	317
Contig_20_Len4596_Cov49_E	Op_me_nvec_estExtfgenesh1kg.C340001_OG5_126620	54.2	312	135	4	58	990	3	307	2.01e-96	317
Contig_20_Len4596_Cov49_E	Op_me_clup_ENSCAFP00000027969_OG5_126620	53.5	314	138	4	85	1023	8	314	2.15e-96	317
Contig_20_Len4596_Cov49_E	Op_me_mmus_ENSMUSP00000023146_OG5_126620	53.5	310	136	4	85	1011	8	310	2.15e-96	317
Contig_20_Len4596_Cov49_E	Op_fu_cpos_CPAG02588_OG5_126620	53.5	312	130	5	79	1002	28	328	6.09e-96	317
Contig_20_Len4596_Cov49_E	Am_my_ddis_nubp1_OG5_126620	52.6	308	138	4	79	996	11	312	8.80e-96	315
Contig_20_Len4596_Cov49_E	Op_me_bmaa_14971.m02861_OG5_126620	53.6	295	126	3	58	930	3	290	1.02e-95	315
Contig_20_Len4596_Cov49_E	Op_fu_ylip_XP503456_OG5_126620	51.7	321	146	4	43	1002	15	327	1.47e-95	315
Contig_20_Len4596_Cov49_E	Op_fu_cimm_CIMG00315T0_OG5_126620	53.5	312	130	5	79	1002	28	328	1.57e-95	315
Contig_20_Len4596_Cov49_E	Op_fu_ncra_NCU08825T0_OG5_126620	55.3	295	119	4	79	951	30	315	1.67e-95	315
Contig_21_Len4589_Cov61_E	Sr_rh_Rfil_Contig3100length1914_OG5_133425	43.6	259	144	2	1098	1871	284	541	8.00e-53	199
Contig_21_Len4589_Cov61_E	Sr_rh_Rfil_Contig14054length960_OG5_127515	37.7	284	128	6	2764	2015	35	303	2.52e-50	185
Contig_21_Len4589_Cov61_E	Sr_rh_Rfil_Contig5590length1509_OG5_133425	43.9	230	127	2	1098	1784	260	488	1.38e-48	185
Contig_21_Len4589_Cov61_E	Sr_rh_Rfil_Contig4113length1719_OG5_133425	39.8	261	153	3	1098	1871	286	545	8.96e-46	178
Contig_21_Len4589_Cov61_E	Sr_ci_Scer_OMJ85488Contig11373Len1254_OG5_131250	28.9	346	196	9	4107	3079	21	319	8.76e-44	169
Contig_21_Len4589_Cov61_E	Sr_ci_Scer_OMJ81191Contig10060Len1353_OG5_132881	38.5	192	115	3	3687	3115	96	285	5.03e-38	153
Contig_21_Len4589_Cov61_E	Sr_ci_Scer_OMJ68911Contig16558Len945_OG5_130123	39.2	186	105	5	3690	3142	122	302	4.03e-36	144
Contig_21_Len4589_Cov61_E	Sr_ci_Scer_OMJ67142Contig9842Len1368_OG5_131250	36.0	197	123	3	3687	3100	102	296	6.75e-36	146
Contig_21_Len4589_Cov61_E	Sr_ci_Ptet_001442782Contig13246Len1401_OG5_126891	34.6	246	152	7	3687	2950	154	390	8.50e-36	147
Contig_21_Len4589_Cov61_E	Sr_ci_Scer_OMJ66045Contig10473Len1320_OG5_130123	37.4	195	120	2	3696	3112	122	314	3.21e-35	144
Contig_21_Len4589_Cov61_E	Sr_ci_Otri_EJY80018Contig11618Len1557_OG5_131250	33.3	210	135	4	3684	3067	189	397	4.83e-35	145
Contig_21_Len4589_Cov61_E	Sr_ci_Otri_EJY71983Contig11628Len1557_OG5_131250	33.3	210	135	4	3684	3067	189	397	4.83e-35	145
Contig_21_Len4589_Cov61_E	Sr_ch_Vbra_Contig6036length1869_OG5_131250	34.0	209	131	3	3687	3079	279	486	1.63e-34	145
Contig_21_Len4589_Cov61_E	Sr_ci_Scer_OMJ76649Contig10032Len1356_OG5_130123	39.7	174	103	2	3633	3112	92	263	3.21e-34	142
Contig_21_Len4589_Cov61_E	Sr_ci_Scer_OMJ92137Contig10788Len1299_OG5_131250	31.9	226	136	6	3696	3022	121	329	5.62e-34	140
Contig_21_Len4589_Cov61_E	Sr_ci_Scer_OMJ86627Contig10654Len1308_OG5_130123	28.1	327	186	6	4110	3133	29	307	2.64e-33	139
Contig_21_Len4589_Cov61_E	Sr_ci_Ptet_001459281Contig12698Len1434_OG5_126891	33.9	242	150	7	3693	2980	176	411	5.30e-33	139
Contig_21_Len4589_Cov61_E	Sr_ci_Slem_CDW85061Contig9065Len1509_OG5_132871	36.8	201	122	4	3684	3091	185	383	7.70e-33	139
Contig_21_Len4589_Cov61_E	Sr_ci_Scer_OMJ66046Contig8143Len1488_OG5_131250	29.9	334	186	8	4107	3112	27	314	9.07e-33	137
Contig_21_Len4589_Cov61_E	Sr_ci_Slem_CDW86144Contig9799Len1422_OG5_126891	34.6	205	130	4	3690	3082	143	345	3.95e-32	136
Contig_21_Len4589_Cov61_E	Am_my_ddis_DDBG0286289_OG5_130123	36.8	204	114	7	3684	3112	325	526	9.18e-32	136
Contig_21_Len4589_Cov61_E	Pl_gr_osat_NP001067184_OG5_127515	40.3	206	91	8	2743	2144	77	256	1.03e-31	130
Contig_21_Len4589_Cov61_E	Sr_ci_Scer_OMJ86628Contig11056Len1278_OG5_130123	37.0	184	114	2	3684	3133	126	307	2.62e-31	132
Contig_21_Len4589_Cov61_E	Pl_gr_atha_NP567866_OG5_127515	40.9	193	87	8	2722	2144	69	234	3.34e-31	128
Contig_21_Len4589_Cov61_E	Sr_ci_Ptet_001452218Contig18091Len1116_OG5_130123	32.1	246	158	6	3696	2965	102	340	7.71e-31	130
Contig_4_Len5499_Cov57_P	Sr_ci_tthe_2.m02347_OG5_127410	54.7	331	138	3	5263	4271	30	348	1.13e-102	337
Contig_4_Len5499_Cov57_P	Sr_ch_Vbra_Contig12544length1095_OG5_127410	51.7	331	150	3	5263	4271	44	364	3.46e-102	336
Contig_4_Len5499_Cov57_P	Sr_ci_Imul_004035776Contig3555Len1056_OG5_127410	51.4	331	150	3	5263	4271	31	350	9.33e-101	332
Contig_4_Len5499_Cov57_P	Am_my_ddis_mdhB_OG5_127410	50.5	333	154	4	5263	4268	25	347	8.55e-99	326
Contig_4_Len5499_Cov57_P	Ba_de_drad_NP294048_OG5_127410	51.2	330	151	3	5263	4274	7	326	1.47e-97	322
Contig_4_Len5499_Cov57_P	Sr_ci_Otri_EJY67947Contig16601Len1059_OG5_127410	48.7	349	167	3	5314	4271	14	351	1.64e-97	322
Contig_4_Len5499_Cov57_P	Sr_ci_Pper_KRX02852Contig7678Len1044_OG5_127410	50.5	333	154	3	5269	4271	25	346	4.18e-96	318
Contig_4_Len5499_Cov57_P	Sr_ci_Slem_CDW81236Contig3505Len2652_OG5_127410	48.7	359	172	4	5344	4271	3	350	2.33e-95	321
Contig_4_Len5499_Cov57_P	Ex_he_Ngru_Contig6949length1293_OG5_127410	43.6	417	210	7	5473	4265	4	409	3.20e-95	319
Contig_4_Len5499_Cov57_P	Ba_ac_mtub_NP215756_OG5_127410	49.1	332	160	3	5269	4274	4	326	1.53e-93	310
Contig_4_Len5499_Cov57_P	Ba_pb_rsol_NP520119_OG5_127410	50.6	332	153	4	5263	4271	6	327	5.10e-93	308
Contig_4_Len5499_Cov57_P	Sr_ci_Scer_OMJ92767Contig15077Len1026_OG5_127410	49.7	334	154	5	5263	4271	17	339	7.82e-93	308
Contig_4_Len5499_Cov57_P	Sr_ci_Scer_OMJ83471Contig15068Len1026_OG5_127410	48.8	334	157	4	5263	4271	17	339	6.80e-92	306
Contig_4_Len5499_Cov57_P	Sr_ci_Ptet_001424905Contig19311Len1059_OG5_127410	50.1	335	155	3	5275	4271	29	351	1.80e-91	305
Contig_4_Len5499_Cov57_P	Ba_pb_bmal_YP106310_OG5_127410	50.6	330	153	3	5260	4271	7	326	2.01e-91	304
Contig_4_Len5499_Cov57_P	Ba_pb_bpse_YP335954.1_OG5_127410	50.6	330	153	3	5260	4271	7	326	2.01e-91	304
Contig_4_Len5499_Cov57_P	Ba_ac_mlep_YP002503429_OG5_127410	48.7	335	163	4	5278	4274	1	326	2.15e-91	304
Contig_4_Len5499_Cov57_P	Pl_rh_cmer_CMP193C_OG5_127410	49.3	335	159	4	5263	4259	51	374	2.77e-90	304
Contig_4_Len5499_Cov57_P	Sr_ci_Scer_OMJ91963Contig15084Len1026_OG5_127410	47.6	334	161	4	5263	4271	17	339	3.77e-90	301
Contig_4_Len5499_Cov57_P	Op_me_amel_XP624954_OG5_127410	47.8	339	165	5	5287	4271	8	334	4.08e-90	300
Contig_4_Len5499_Cov57_P	Op_me_nvec_estExtGenewiseH1.C740104_OG5_127410	47.4	333	170	3	5263	4265	5	332	4.67e-89	297
Contig_4_Len5499_Cov57_P	Ex_he_Ngru_Contig9593length987_OG5_127410	48.2	336	162	4	5275	4271	3	327	2.53e-88	295
Contig_4_Len5499_Cov57_P	Ex_he_Ngru_Contig9540length990_OG5_127410	46.8	327	165	5	5266	4292	5	324	3.09e-87	292
Contig_4_Len5499_Cov57_P	Sr_ci_Scer_OMJ94042Contig15128Len1023_OG5_127410	45.1	346	174	6	5299	4271	8	340	4.41e-87	292
Contig_4_Len5499_Cov57_P	Ba_pg_cbur_NP820236_OG5_127410	47.4	331	163	4	5263	4274	5	325	1.03e-86	290
Contig_22_Len4543_Cov53_P	Op_fu_cneg_CNAG06601T0_OG5_129401	31.7	496	292	16	2393	918	158	610	4.75e-65	238
Contig_22_Len4543_Cov53_P	Op_fu_pchr_fgenesh1pg.Cscaffold15000167_OG5_129401	29.3	614	342	23	2555	792	79	626	7.15e-59	219
Contig_22_Len4543_Cov53_P	Op_fu_pchr_egww2.9.110.1_OG5_129401	28.8	584	301	22	2570	897	73	567	3.16e-56	210
Contig_22_Len4543_Cov53_P	Am_di_Acas_Contig3110length1818_OG5_129401	30.7	554	309	19	2390	792	98	597	4.32e-52	198
Contig_22_Len4543_Cov53_P	Pl_gr_osat_NP001045422_OG5_129401	31.2	558	319	25	2570	933	38	542	6.41e-51	194
Contig_22_Len4543_Cov53_P	Op_fu_gzea_FGST11578_OG5_129401	30.8	530	289	20	2387	903	84	570	8.59e-49	188
Contig_22_Len4543_Cov53_P	Pl_gr_rcom_30131.m007193_OG5_129401	27.9	585	357	23	2651	933	15	546	1.60e-47	184
Contig_22_Len4543_Cov53_P	Op_fu_cneo_CNBG1962T0_OG5_129401	29.0	489	270	19	2378	918	133	546	9.21e-47	183
Contig_22_Len4543_Cov53_P	Op_fu_ncra_NCU03948T0_OG5_129401	29.2	568	316	28	2408	783	113	620	6.42e-46	181
Contig_22_Len4543_Cov53_P	Pl_gr_ppat_egw1.152.24.1_OG5_129401	29.2	572	325	25	2570	909	14	523	6.61e-45	176
Contig_22_Len4543_Cov53_P	Pl_gr_atha_NP567027_OG5_129401	29.0	559	330	24	2570	933	44	548	3.96e-43	171
Contig_22_Len4543_Cov53_P	Pl_gr_atha_NP974445_OG5_129401	29.0	559	330	24	2570	933	51	555	4.42e-43	171
Contig_22_Len4543_Cov53_P	Ex_he_Ngru_Contig2926length2115_OG5_129401	25.0	628	377	22	2513	768	119	698	8.94e-42	169
Contig_22_Len4543_Cov53_P	Ba_fb_bant_YP021538_OG5_129401	26.8	559	335	22	2555	903	8	500	1.40e-41	165
Contig_22_Len4543_Cov53_P	EE_ha_Ehux_005787832Contig9018Len1299_OG5_129401	31.6	367	193	13	2420	1338	61	375	2.29e-37	150
Contig_22_Len4543_Cov53_P	Am_di_Acas_Contig3693length1665_OG5_129401	27.6	620	331	24	2555	792	14	547	2.26e-36	150
Contig_22_Len4543_Cov53_P	EE_ap_Ttra_Contig2921length2226_OG5_129401	28.7	508	298	21	2390	921	78	539	1.06e-35	150
Contig_22_Len4543_Cov53_P	Ex_pa_tvag_TVAG126610_OG5_129401	23.7	452	277	15	2117	786	2	393	1.70e-26	117
Contig_22_Len4543_Cov53_P	Ba_de_drad_NP296260_OG5_129401	27.0	549	332	20	2573	936	1	483	1.25e-22	107
Contig_22_Len4543_Cov53_P	Op_fu_gzea_FGST02286_OG5_129401	25.9	591	349	26	2558	915	29	573	9.76e-22	106
Contig_22_Len4543_Cov53_P	Op_me_nvec_fgenesh1pg.scaffold37000083_OG5_129401	24.7	566	356	23	2567	933	10	526	7.60e-19	96.7
Contig_22_Len4543_Cov53_P	Op_me_nvec_estExtfgenesh1pg.C370081_OG5_129401	25.0	568	352	24	2567	933	10	526	1.33e-18	95.9
Contig_22_Len4543_Cov53_P	Op_me_nvec_fgenesh1pg.scaffold14000153_OG5_129401	22.7	565	344	23	2540	933	1	501	2.61e-17	91.7
Contig_22_Len4543_Cov53_P	Pl_gr_micr_ACO64295_OG5_132225	33.3	210	116	7	3823	3197	1	187	4.21e-17	85.1
Contig_22_Len4543_Cov53_P	Ba_ac_mtub_NP215066_OG5_129401	22.0	617	372	23	2582	792	5	532	5.68e-17	90.5
Contig_19_Len4607_Cov24_U	Za_ea_aful_NP069770_OG5_126631	25.8	466	275	12	3073	4431	10	417	2.15e-25	115
Contig_19_Len4607_Cov24_U	Pl_gr_otau_estExtfgenesh1pm.CChr13.00010011_OG5_126631	23.6	478	323	18	3073	4446	10	465	1.26e-23	110
Contig_19_Len4607_Cov24_U	Pl_gr_vcar_XP002945791_OG5_126631	23.8	475	324	17	3073	4446	10	463	1.61e-23	110
Contig_19_Len4607_Cov24_U	Pl_gr_micr_ACO64206_OG5_126631	23.5	486	314	20	3073	4446	11	466	3.07e-23	109
Contig_19_Len4607_Cov24_U	Pl_gr_micr_ACO64101_OG5_126631	23.5	486	314	20	3073	4446	11	466	3.07e-23	109
Contig_19_Len4607_Cov24_U	Pl_gr_vcar_XP002948033_OG5_126631	23.6	475	325	17	3073	4446	10	463	3.85e-23	108
Contig_19_Len4607_Cov24_U	Za_eh_hwal_YP659070_OG5_126631	24.7	466	280	12	3073	4431	9	416	4.36e-22	105
Contig_19_Len4607_Cov24_U	Za_ec_mjan_NP247296_OG5_126631	24.7	474	288	14	3073	4452	10	428	4.75e-22	105
Contig_19_Len4607_Cov24_U	Za_eh_halo_NP281202_OG5_126631	24.7	466	280	13	3073	4431	9	416	4.76e-19	95.9
Contig_19_Len4607_Cov24_U	Pl_gr_otau_estExtgwpGeneWisePlus.CChr13.00010306_OG5_126631	22.4	477	300	17	3073	4446	10	435	1.33e-18	94.7
Contig_19_Len4607_Cov24_U	Za_ko_ckor_YP001737925_OG5_126631	23.9	457	285	14	3082	4431	12	412	1.53e-18	94.4
Contig_19_Len4607_Cov24_U	Op_me_ggal_ENSGALP00000022592_OG5_128812	23.2	456	307	9	3073	4428	266	682	5.25e-17	91.3
Contig_19_Len4607_Cov24_U	Op_me_oana_ENSOANP00000004281_OG5_128812	23.2	456	307	10	3073	4428	253	669	3.51e-16	88.6
Contig_19_Len4607_Cov24_U	Op_me_mmul_XP001099850_OG5_128812	22.4	464	301	10	3073	4428	221	637	5.70e-16	87.8
Contig_19_Len4607_Cov24_U	Op_me_mmul_XP002803933_OG5_128812	22.4	464	301	10	3073	4428	263	679	6.20e-16	87.8
Contig_19_Len4607_Cov24_U	Op_me_mdom_ENSMODP00000021834_OG5_128812	22.6	464	300	10	3073	4428	261	677	1.41e-15	86.7
Contig_19_Len4607_Cov24_U	Op_me_ptro_ENSPTRP00000031800_OG5_128812	22.4	464	301	10	3073	4428	263	679	1.41e-15	86.7
Contig_19_Len4607_Cov24_U	Za_ep_tvol_NP111570_OG5_126631	23.8	463	290	16	3073	4431	10	419	2.79e-15	84.3
Contig_19_Len4607_Cov24_U	Op_me_mmus_ENSMUSP00000020153_OG5_128812	22.6	464	300	10	3073	4428	261	677	5.55e-15	84.7
Contig_19_Len4607_Cov24_U	Op_me_hsap_ENSP00000356811_OG5_128812	22.0	464	303	10	3073	4428	263	679	5.57e-15	84.7
Contig_19_Len4607_Cov24_U	Op_me_clup_ENSCAFP00000000327_OG5_128812	22.2	464	302	10	3073	4428	265	681	7.35e-15	84.3
Contig_19_Len4607_Cov24_U	Op_me_rnor_ENSRNOP00000019734_OG5_128812	22.8	464	299	10	3073	4428	178	594	8.14e-15	84.0
Contig_19_Len4607_Cov24_U	Op_me_ecab_XP001917358_OG5_128812	22.2	464	302	10	3073	4428	302	718	5.27e-14	81.6
Contig_19_Len4607_Cov24_U	Op_me_apis_XP001951307_OG5_128812	21.1	456	317	10	3073	4428	216	632	2.41e-13	79.3
Contig_19_Len4607_Cov24_U	Op_me_nvec_egw.13.12.1_OG5_128812	23.2	453	295	11	3073	4404	41	449	2.34e-12	75.5
